zona,restaurante,archivo,tipo,plato_o_descripcion,fuente,url_origen,ancho_px,alto_px
albaicin,Casa Torcuato,casa-torcuato-01.jpg,plato_estrella,pescado frito tapas tradicionales,google.com,"https://www.google.com/maps/place/Restaurante+Casa+Torcuato/@37.1839874,-3.5936414,17z/data=!3m1!4b1!4m6!3m5!1s0xd71fcc67f5914ab:0xc6e2aea88a5b1a14!8m2!3d37.1839874!4d-3.5936414!16s%2Fg%2F1thgct6s?entry=ttu&g_ep=EgoyMDI2MDkwMi4wIKXMDSoASAFQAw%3D%3D",2048,1538
albaicin,Casa Torcuato,casa-torcuato-02.jpg,plato,plato representativo,google.com,"https://www.google.com/maps/place/Restaurante+Casa+Torcuato/@37.1839874,-3.5936414,17z/data=!3m1!4b1!4m6!3m5!1s0xd71fcc67f5914ab:0xc6e2aea88a5b1a14!8m2!3d37.1839874!4d-3.5936414!16s%2Fg%2F1thgct6s?entry=ttu&g_ep=EgoyMDI2MDkwMi4wIKXMDSoASAFQAw%3D%3D",2048,1536
albaicin,Casa Torcuato,casa-torcuato-03.jpg,plato,plato representativo,google.com,"https://www.google.com/maps/place/Restaurante+Casa+Torcuato/@37.1839874,-3.5936414,17z/data=!3m1!4b1!4m6!3m5!1s0xd71fcc67f5914ab:0xc6e2aea88a5b1a14!8m2!3d37.1839874!4d-3.5936414!16s%2Fg%2F1thgct6s?entry=ttu&g_ep=EgoyMDI2MDkwMi4wIKXMDSoASAFQAw%3D%3D",1536,2048
albaicin,Casa Torcuato,casa-torcuato-04.jpg,plato,plato representativo,google.com,"https://www.google.com/maps/place/Restaurante+Casa+Torcuato/@37.1839874,-3.5936414,17z/data=!3m1!4b1!4m6!3m5!1s0xd71fcc67f5914ab:0xc6e2aea88a5b1a14!8m2!3d37.1839874!4d-3.5936414!16s%2Fg%2F1thgct6s?entry=ttu&g_ep=EgoyMDI2MDkwMi4wIKXMDSoASAFQAw%3D%3D",1536,2048
albaicin,Casa Torcuato,casa-torcuato-05.jpg,plato,plato representativo,google.com,"https://www.google.com/maps/place/Restaurante+Casa+Torcuato/@37.1839874,-3.5936414,17z/data=!3m1!4b1!4m6!3m5!1s0xd71fcc67f5914ab:0xc6e2aea88a5b1a14!8m2!3d37.1839874!4d-3.5936414!16s%2Fg%2F1thgct6s?entry=ttu&g_ep=EgoyMDI2MDkwMi4wIKXMDSoASAFQAw%3D%3D",1536,2048
albaicin,Casa Torcuato,casa-torcuato-06.jpg,plato,plato representativo,google.com,"https://www.google.com/maps/place/Restaurante+Casa+Torcuato/@37.1839874,-3.5936414,17z/data=!3m1!4b1!4m6!3m5!1s0xd71fcc67f5914ab:0xc6e2aea88a5b1a14!8m2!3d37.1839874!4d-3.5936414!16s%2Fg%2F1thgct6s?entry=ttu&g_ep=EgoyMDI2MDkwMi4wIKXMDSoASAFQAw%3D%3D",2048,1435
albaicin,Casa Torcuato,casa-torcuato-07.jpg,plato,plato representativo,google.com,"https://www.google.com/maps/place/Restaurante+Casa+Torcuato/@37.1839874,-3.5936414,17z/data=!3m1!4b1!4m6!3m5!1s0xd71fcc67f5914ab:0xc6e2aea88a5b1a14!8m2!3d37.1839874!4d-3.5936414!16s%2Fg%2F1thgct6s?entry=ttu&g_ep=EgoyMDI2MDkwMi4wIKXMDSoASAFQAw%3D%3D",2048,1152
albaicin,Casa Torcuato,casa-torcuato-08.jpg,plato,plato representativo,google.com,"https://www.google.com/maps/place/Restaurante+Casa+Torcuato/@37.1839874,-3.5936414,17z/data=!3m1!4b1!4m6!3m5!1s0xd71fcc67f5914ab:0xc6e2aea88a5b1a14!8m2!3d37.1839874!4d-3.5936414!16s%2Fg%2F1thgct6s?entry=ttu&g_ep=EgoyMDI2MDkwMi4wIKXMDSoASAFQAw%3D%3D",1536,2048
albaicin,Casa Torcuato,casa-torcuato-09.jpg,establecimiento,"fachada, terraza o ambiente",google.com,"https://www.google.com/maps/place/Restaurante+Casa+Torcuato/@37.1839874,-3.5936414,17z/data=!3m1!4b1!4m6!3m5!1s0xd71fcc67f5914ab:0xc6e2aea88a5b1a14!8m2!3d37.1839874!4d-3.5936414!16s%2Fg%2F1thgct6s?entry=ttu&g_ep=EgoyMDI2MDkwMi4wIKXMDSoASAFQAw%3D%3D",2048,1536
albaicin,Casa Torcuato,casa-torcuato-10.jpg,establecimiento,"fachada, terraza o ambiente",google.com,"https://www.google.com/maps/place/Restaurante+Casa+Torcuato/@37.1839874,-3.5936414,17z/data=!3m1!4b1!4m6!3m5!1s0xd71fcc67f5914ab:0xc6e2aea88a5b1a14!8m2!3d37.1839874!4d-3.5936414!16s%2Fg%2F1thgct6s?entry=ttu&g_ep=EgoyMDI2MDkwMi4wIKXMDSoASAFQAw%3D%3D",1920,1080
albaicin,Los Mascarones,los-mascarones-01.jpg,plato_estrella,tapas caseras caracoles,google.com,"https://www.google.com/maps/place/Bar+Los+Mascarones/@37.1839017,-3.5930165,17z/data=!3m1!4b1!4m6!3m5!1s0xd71fcc6765f0113:0xbbd041ce885b3879!8m2!3d37.1839017!4d-3.5930165!16s%2Fg%2F11cmpfb_jt?entry=ttu&g_ep=EgoyMDI2MDkwMi4wIKXMDSoASAFQAw%3D%3D",2048,1536
albaicin,Los Mascarones,los-mascarones-02.jpg,plato,plato representativo,google.com,"https://www.google.com/maps/place/Bar+Los+Mascarones/@37.1839017,-3.5930165,17z/data=!3m1!4b1!4m6!3m5!1s0xd71fcc6765f0113:0xbbd041ce885b3879!8m2!3d37.1839017!4d-3.5930165!16s%2Fg%2F11cmpfb_jt?entry=ttu&g_ep=EgoyMDI2MDkwMi4wIKXMDSoASAFQAw%3D%3D",1348,1258
albaicin,Los Mascarones,los-mascarones-03.jpg,plato,plato representativo,google.com,"https://www.google.com/maps/place/Bar+Los+Mascarones/@37.1839017,-3.5930165,17z/data=!3m1!4b1!4m6!3m5!1s0xd71fcc6765f0113:0xbbd041ce885b3879!8m2!3d37.1839017!4d-3.5930165!16s%2Fg%2F11cmpfb_jt?entry=ttu&g_ep=EgoyMDI2MDkwMi4wIKXMDSoASAFQAw%3D%3D",1200,1600
albaicin,Los Mascarones,los-mascarones-04.jpg,plato,plato representativo,google.com,"https://www.google.com/maps/place/Bar+Los+Mascarones/@37.1839017,-3.5930165,17z/data=!3m1!4b1!4m6!3m5!1s0xd71fcc6765f0113:0xbbd041ce885b3879!8m2!3d37.1839017!4d-3.5930165!16s%2Fg%2F11cmpfb_jt?entry=ttu&g_ep=EgoyMDI2MDkwMi4wIKXMDSoASAFQAw%3D%3D",1348,1258
albaicin,Los Mascarones,los-mascarones-05.jpg,plato,plato representativo,google.com,"https://www.google.com/maps/place/Bar+Los+Mascarones/@37.1839017,-3.5930165,17z/data=!3m1!4b1!4m6!3m5!1s0xd71fcc6765f0113:0xbbd041ce885b3879!8m2!3d37.1839017!4d-3.5930165!16s%2Fg%2F11cmpfb_jt?entry=ttu&g_ep=EgoyMDI2MDkwMi4wIKXMDSoASAFQAw%3D%3D",1536,2048
albaicin,Los Mascarones,los-mascarones-06.jpg,plato,plato representativo,google.com,"https://www.google.com/maps/place/Bar+Los+Mascarones/@37.1839017,-3.5930165,17z/data=!3m1!4b1!4m6!3m5!1s0xd71fcc6765f0113:0xbbd041ce885b3879!8m2!3d37.1839017!4d-3.5930165!16s%2Fg%2F11cmpfb_jt?entry=ttu&g_ep=EgoyMDI2MDkwMi4wIKXMDSoASAFQAw%3D%3D",1536,2048
albaicin,Los Mascarones,los-mascarones-07.jpg,plato,plato representativo,google.com,"https://www.google.com/maps/place/Bar+Los+Mascarones/@37.1839017,-3.5930165,17z/data=!3m1!4b1!4m6!3m5!1s0xd71fcc6765f0113:0xbbd041ce885b3879!8m2!3d37.1839017!4d-3.5930165!16s%2Fg%2F11cmpfb_jt?entry=ttu&g_ep=EgoyMDI2MDkwMi4wIKXMDSoASAFQAw%3D%3D",1536,2048
albaicin,Los Mascarones,los-mascarones-08.jpg,plato,plato representativo,google.com,"https://www.google.com/maps/place/Bar+Los+Mascarones/@37.1839017,-3.5930165,17z/data=!3m1!4b1!4m6!3m5!1s0xd71fcc6765f0113:0xbbd041ce885b3879!8m2!3d37.1839017!4d-3.5930165!16s%2Fg%2F11cmpfb_jt?entry=ttu&g_ep=EgoyMDI2MDkwMi4wIKXMDSoASAFQAw%3D%3D",1536,2048
albaicin,Los Mascarones,los-mascarones-09.jpg,establecimiento,"fachada, terraza o ambiente",google.com,"https://www.google.com/maps/place/Bar+Los+Mascarones/@37.1839017,-3.5930165,17z/data=!3m1!4b1!4m6!3m5!1s0xd71fcc6765f0113:0xbbd041ce885b3879!8m2!3d37.1839017!4d-3.5930165!16s%2Fg%2F11cmpfb_jt?entry=ttu&g_ep=EgoyMDI2MDkwMi4wIKXMDSoASAFQAw%3D%3D",2048,1536
albaicin,Los Mascarones,los-mascarones-10.jpg,establecimiento,"fachada, terraza o ambiente",google.com,"https://www.google.com/maps/place/Bar+Los+Mascarones/@37.1839017,-3.5930165,17z/data=!3m1!4b1!4m6!3m5!1s0xd71fcc6765f0113:0xbbd041ce885b3879!8m2!3d37.1839017!4d-3.5930165!16s%2Fg%2F11cmpfb_jt?entry=ttu&g_ep=EgoyMDI2MDkwMi4wIKXMDSoASAFQAw%3D%3D",1536,2048
albaicin,Bar Aliatar Los Caracoles,bar-aliatar-los-caracoles-01.jpg,plato_estrella,caracoles en salsa,google.com,"https://www.google.com/maps/place/Bar+Aliatar+Los+Caracoles/@37.1826272,-3.591332,17z/data=!3m1!4b1!4m6!3m5!1s0xd71fcc62074288b:0x3d58cb1dd144ca33!8m2!3d37.1826272!4d-3.591332!16s%2Fg%2F11b6swhdr1?entry=ttu&g_ep=EgoyMDI2MDkwMi4wIKXMDSoASAFQAw%3D%3D",2048,1153
albaicin,Bar Aliatar Los Caracoles,bar-aliatar-los-caracoles-02.jpg,plato,plato representativo,google.com,"https://www.google.com/maps/place/Bar+Aliatar+Los+Caracoles/@37.1826272,-3.591332,17z/data=!3m1!4b1!4m6!3m5!1s0xd71fcc62074288b:0x3d58cb1dd144ca33!8m2!3d37.1826272!4d-3.591332!16s%2Fg%2F11b6swhdr1?entry=ttu&g_ep=EgoyMDI2MDkwMi4wIKXMDSoASAFQAw%3D%3D",1542,2048
albaicin,Bar Aliatar Los Caracoles,bar-aliatar-los-caracoles-03.jpg,plato,plato representativo,google.com,"https://www.google.com/maps/place/Bar+Aliatar+Los+Caracoles/@37.1826272,-3.591332,17z/data=!3m1!4b1!4m6!3m5!1s0xd71fcc62074288b:0x3d58cb1dd144ca33!8m2!3d37.1826272!4d-3.591332!16s%2Fg%2F11b6swhdr1?entry=ttu&g_ep=EgoyMDI2MDkwMi4wIKXMDSoASAFQAw%3D%3D",1853,2048
albaicin,Bar Aliatar Los Caracoles,bar-aliatar-los-caracoles-04.jpg,plato,plato representativo,google.com,"https://www.google.com/maps/place/Bar+Aliatar+Los+Caracoles/@37.1826272,-3.591332,17z/data=!3m1!4b1!4m6!3m5!1s0xd71fcc62074288b:0x3d58cb1dd144ca33!8m2!3d37.1826272!4d-3.591332!16s%2Fg%2F11b6swhdr1?entry=ttu&g_ep=EgoyMDI2MDkwMi4wIKXMDSoASAFQAw%3D%3D",1536,2048
albaicin,Bar Aliatar Los Caracoles,bar-aliatar-los-caracoles-05.jpg,plato,plato representativo,google.com,"https://www.google.com/maps/place/Bar+Aliatar+Los+Caracoles/@37.1826272,-3.591332,17z/data=!3m1!4b1!4m6!3m5!1s0xd71fcc62074288b:0x3d58cb1dd144ca33!8m2!3d37.1826272!4d-3.591332!16s%2Fg%2F11b6swhdr1?entry=ttu&g_ep=EgoyMDI2MDkwMi4wIKXMDSoASAFQAw%3D%3D",2048,1152
albaicin,Bar Aliatar Los Caracoles,bar-aliatar-los-caracoles-06.jpg,plato,plato representativo,google.com,"https://www.google.com/maps/place/Bar+Aliatar+Los+Caracoles/@37.1826272,-3.591332,17z/data=!3m1!4b1!4m6!3m5!1s0xd71fcc62074288b:0x3d58cb1dd144ca33!8m2!3d37.1826272!4d-3.591332!16s%2Fg%2F11b6swhdr1?entry=ttu&g_ep=EgoyMDI2MDkwMi4wIKXMDSoASAFQAw%3D%3D",2048,1516
albaicin,Bar Aliatar Los Caracoles,bar-aliatar-los-caracoles-07.jpg,plato,plato representativo,google.com,"https://www.google.com/maps/place/Bar+Aliatar+Los+Caracoles/@37.1826272,-3.591332,17z/data=!3m1!4b1!4m6!3m5!1s0xd71fcc62074288b:0x3d58cb1dd144ca33!8m2!3d37.1826272!4d-3.591332!16s%2Fg%2F11b6swhdr1?entry=ttu&g_ep=EgoyMDI2MDkwMi4wIKXMDSoASAFQAw%3D%3D",1536,2048
albaicin,Bar Aliatar Los Caracoles,bar-aliatar-los-caracoles-08.jpg,plato,plato representativo,google.com,"https://www.google.com/maps/place/Bar+Aliatar+Los+Caracoles/@37.1826272,-3.591332,17z/data=!3m1!4b1!4m6!3m5!1s0xd71fcc62074288b:0x3d58cb1dd144ca33!8m2!3d37.1826272!4d-3.591332!16s%2Fg%2F11b6swhdr1?entry=ttu&g_ep=EgoyMDI2MDkwMi4wIKXMDSoASAFQAw%3D%3D",1536,2048
albaicin,Bar Aliatar Los Caracoles,bar-aliatar-los-caracoles-09.jpg,establecimiento,"fachada, terraza o ambiente",google.com,"https://www.google.com/maps/place/Bar+Aliatar+Los+Caracoles/@37.1826272,-3.591332,17z/data=!3m1!4b1!4m6!3m5!1s0xd71fcc62074288b:0x3d58cb1dd144ca33!8m2!3d37.1826272!4d-3.591332!16s%2Fg%2F11b6swhdr1?entry=ttu&g_ep=EgoyMDI2MDkwMi4wIKXMDSoASAFQAw%3D%3D",2048,1536
albaicin,Bar Aliatar Los Caracoles,bar-aliatar-los-caracoles-10.jpg,establecimiento,"fachada, terraza o ambiente",google.com,"https://www.google.com/maps/place/Bar+Aliatar+Los+Caracoles/@37.1826272,-3.591332,17z/data=!3m1!4b1!4m6!3m5!1s0xd71fcc62074288b:0x3d58cb1dd144ca33!8m2!3d37.1826272!4d-3.591332!16s%2Fg%2F11b6swhdr1?entry=ttu&g_ep=EgoyMDI2MDkwMi4wIKXMDSoASAFQAw%3D%3D",2048,1536
albaicin,Casa Gabriel,casa-gabriel-01.jpg,plato_estrella,tapas cocina granadina,google.com,"https://www.google.com/maps/place/Casa+Gabriel+Especialistas+en+Brasas/@37.1838332,-3.5933826,17z/data=!3m1!4b1!4m6!3m5!1s0xd71fcc678cb8ae9:0x521f246894226284!8m2!3d37.1838332!4d-3.5933826!16s%2Fg%2F11c12nnhpr?entry=ttu&g_ep=EgoyMDI2MDkwMi4wIKXMDSoASAFQAw%3D%3D",1638,2048
albaicin,Casa Gabriel,casa-gabriel-02.jpg,plato,plato representativo,google.com,"https://www.google.com/maps/place/Casa+Gabriel+Especialistas+en+Brasas/@37.1838332,-3.5933826,17z/data=!3m1!4b1!4m6!3m5!1s0xd71fcc678cb8ae9:0x521f246894226284!8m2!3d37.1838332!4d-3.5933826!16s%2Fg%2F11c12nnhpr?entry=ttu&g_ep=EgoyMDI2MDkwMi4wIKXMDSoASAFQAw%3D%3D",1080,1920
albaicin,Casa Gabriel,casa-gabriel-03.jpg,plato,plato representativo,google.com,"https://www.google.com/maps/place/Casa+Gabriel+Especialistas+en+Brasas/@37.1838332,-3.5933826,17z/data=!3m1!4b1!4m6!3m5!1s0xd71fcc678cb8ae9:0x521f246894226284!8m2!3d37.1838332!4d-3.5933826!16s%2Fg%2F11c12nnhpr?entry=ttu&g_ep=EgoyMDI2MDkwMi4wIKXMDSoASAFQAw%3D%3D",2048,1536
albaicin,Casa Gabriel,casa-gabriel-04.jpg,plato,plato representativo,google.com,"https://www.google.com/maps/place/Casa+Gabriel+Especialistas+en+Brasas/@37.1838332,-3.5933826,17z/data=!3m1!4b1!4m6!3m5!1s0xd71fcc678cb8ae9:0x521f246894226284!8m2!3d37.1838332!4d-3.5933826!16s%2Fg%2F11c12nnhpr?entry=ttu&g_ep=EgoyMDI2MDkwMi4wIKXMDSoASAFQAw%3D%3D",2048,1536
albaicin,Casa Gabriel,casa-gabriel-05.jpg,plato,plato representativo,google.com,"https://www.google.com/maps/place/Casa+Gabriel+Especialistas+en+Brasas/@37.1838332,-3.5933826,17z/data=!3m1!4b1!4m6!3m5!1s0xd71fcc678cb8ae9:0x521f246894226284!8m2!3d37.1838332!4d-3.5933826!16s%2Fg%2F11c12nnhpr?entry=ttu&g_ep=EgoyMDI2MDkwMi4wIKXMDSoASAFQAw%3D%3D",2048,1536
albaicin,Casa Gabriel,casa-gabriel-06.jpg,plato,plato representativo,google.com,"https://www.google.com/maps/place/Casa+Gabriel+Especialistas+en+Brasas/@37.1838332,-3.5933826,17z/data=!3m1!4b1!4m6!3m5!1s0xd71fcc678cb8ae9:0x521f246894226284!8m2!3d37.1838332!4d-3.5933826!16s%2Fg%2F11c12nnhpr?entry=ttu&g_ep=EgoyMDI2MDkwMi4wIKXMDSoASAFQAw%3D%3D",1536,2048
albaicin,Casa Gabriel,casa-gabriel-07.jpg,plato,plato representativo,google.com,"https://www.google.com/maps/place/Casa+Gabriel+Especialistas+en+Brasas/@37.1838332,-3.5933826,17z/data=!3m1!4b1!4m6!3m5!1s0xd71fcc678cb8ae9:0x521f246894226284!8m2!3d37.1838332!4d-3.5933826!16s%2Fg%2F11c12nnhpr?entry=ttu&g_ep=EgoyMDI2MDkwMi4wIKXMDSoASAFQAw%3D%3D",1638,2048
albaicin,Casa Gabriel,casa-gabriel-08.jpg,plato,plato representativo,google.com,"https://www.google.com/maps/place/Casa+Gabriel+Especialistas+en+Brasas/@37.1838332,-3.5933826,17z/data=!3m1!4b1!4m6!3m5!1s0xd71fcc678cb8ae9:0x521f246894226284!8m2!3d37.1838332!4d-3.5933826!16s%2Fg%2F11c12nnhpr?entry=ttu&g_ep=EgoyMDI2MDkwMi4wIKXMDSoASAFQAw%3D%3D",1080,1920
albaicin,Casa Gabriel,casa-gabriel-09.jpg,establecimiento,"fachada, terraza o ambiente",google.com,"https://www.google.com/maps/place/Casa+Gabriel+Especialistas+en+Brasas/@37.1838332,-3.5933826,17z/data=!3m1!4b1!4m6!3m5!1s0xd71fcc678cb8ae9:0x521f246894226284!8m2!3d37.1838332!4d-3.5933826!16s%2Fg%2F11c12nnhpr?entry=ttu&g_ep=EgoyMDI2MDkwMi4wIKXMDSoASAFQAw%3D%3D",1365,2048
albaicin,Casa Gabriel,casa-gabriel-10.jpg,establecimiento,"fachada, terraza o ambiente",google.com,"https://www.google.com/maps/place/Casa+Gabriel+Especialistas+en+Brasas/@37.1838332,-3.5933826,17z/data=!3m1!4b1!4m6!3m5!1s0xd71fcc678cb8ae9:0x521f246894226284!8m2!3d37.1838332!4d-3.5933826!16s%2Fg%2F11c12nnhpr?entry=ttu&g_ep=EgoyMDI2MDkwMi4wIKXMDSoASAFQAw%3D%3D",1444,1920
albaicin,Aixa,aixa-01.jpg,plato_estrella,tapas paella cocina mediterranea,google.com,"https://www.google.com/maps/place/Restaurante+Aixa/@37.1827247,-3.5931643,17z/data=!3m1!4b1!4m6!3m5!1s0xd71fcc6681feb4d:0x8c18a5452a527409!8m2!3d37.1827247!4d-3.5931643!16s%2Fg%2F1tfm7_qq?entry=ttu&g_ep=EgoyMDI2MDkwMi4wIKXMDSoASAFQAw%3D%3D",2048,1536
albaicin,Aixa,aixa-02.jpg,plato,plato representativo,google.com,"https://www.google.com/maps/place/Restaurante+Aixa/@37.1827247,-3.5931643,17z/data=!3m1!4b1!4m6!3m5!1s0xd71fcc6681feb4d:0x8c18a5452a527409!8m2!3d37.1827247!4d-3.5931643!16s%2Fg%2F1tfm7_qq?entry=ttu&g_ep=EgoyMDI2MDkwMi4wIKXMDSoASAFQAw%3D%3D",1080,1920
albaicin,Aixa,aixa-03.jpg,plato,plato representativo,google.com,"https://www.google.com/maps/place/Restaurante+Aixa/@37.1827247,-3.5931643,17z/data=!3m1!4b1!4m6!3m5!1s0xd71fcc6681feb4d:0x8c18a5452a527409!8m2!3d37.1827247!4d-3.5931643!16s%2Fg%2F1tfm7_qq?entry=ttu&g_ep=EgoyMDI2MDkwMi4wIKXMDSoASAFQAw%3D%3D",1365,2048
albaicin,Aixa,aixa-04.jpg,plato,plato representativo,google.com,"https://www.google.com/maps/place/Restaurante+Aixa/@37.1827247,-3.5931643,17z/data=!3m1!4b1!4m6!3m5!1s0xd71fcc6681feb4d:0x8c18a5452a527409!8m2!3d37.1827247!4d-3.5931643!16s%2Fg%2F1tfm7_qq?entry=ttu&g_ep=EgoyMDI2MDkwMi4wIKXMDSoASAFQAw%3D%3D",2048,1536
albaicin,Aixa,aixa-05.jpg,plato,plato representativo,google.com,"https://www.google.com/maps/place/Restaurante+Aixa/@37.1827247,-3.5931643,17z/data=!3m1!4b1!4m6!3m5!1s0xd71fcc6681feb4d:0x8c18a5452a527409!8m2!3d37.1827247!4d-3.5931643!16s%2Fg%2F1tfm7_qq?entry=ttu&g_ep=EgoyMDI2MDkwMi4wIKXMDSoASAFQAw%3D%3D",2048,1542
albaicin,Aixa,aixa-06.jpg,plato,plato representativo,google.com,"https://www.google.com/maps/place/Restaurante+Aixa/@37.1827247,-3.5931643,17z/data=!3m1!4b1!4m6!3m5!1s0xd71fcc6681feb4d:0x8c18a5452a527409!8m2!3d37.1827247!4d-3.5931643!16s%2Fg%2F1tfm7_qq?entry=ttu&g_ep=EgoyMDI2MDkwMi4wIKXMDSoASAFQAw%3D%3D",1536,2048
albaicin,Aixa,aixa-07.jpg,plato,plato representativo,google.com,"https://www.google.com/maps/place/Restaurante+Aixa/@37.1827247,-3.5931643,17z/data=!3m1!4b1!4m6!3m5!1s0xd71fcc6681feb4d:0x8c18a5452a527409!8m2!3d37.1827247!4d-3.5931643!16s%2Fg%2F1tfm7_qq?entry=ttu&g_ep=EgoyMDI2MDkwMi4wIKXMDSoASAFQAw%3D%3D",1536,2048
albaicin,Aixa,aixa-08.jpg,plato,plato representativo,google.com,"https://www.google.com/maps/place/Restaurante+Aixa/@37.1827247,-3.5931643,17z/data=!3m1!4b1!4m6!3m5!1s0xd71fcc6681feb4d:0x8c18a5452a527409!8m2!3d37.1827247!4d-3.5931643!16s%2Fg%2F1tfm7_qq?entry=ttu&g_ep=EgoyMDI2MDkwMi4wIKXMDSoASAFQAw%3D%3D",1920,1440
albaicin,Aixa,aixa-09.jpg,establecimiento,"fachada, terraza o ambiente",google.com,"https://www.google.com/maps/place/Restaurante+Aixa/@37.1827247,-3.5931643,17z/data=!3m1!4b1!4m6!3m5!1s0xd71fcc6681feb4d:0x8c18a5452a527409!8m2!3d37.1827247!4d-3.5931643!16s%2Fg%2F1tfm7_qq?entry=ttu&g_ep=EgoyMDI2MDkwMi4wIKXMDSoASAFQAw%3D%3D",2048,1365
albaicin,Aixa,aixa-10.jpg,establecimiento,"fachada, terraza o ambiente",google.com,"https://www.google.com/maps/place/Restaurante+Aixa/@37.1827247,-3.5931643,17z/data=!3m1!4b1!4m6!3m5!1s0xd71fcc6681feb4d:0x8c18a5452a527409!8m2!3d37.1827247!4d-3.5931643!16s%2Fg%2F1tfm7_qq?entry=ttu&g_ep=EgoyMDI2MDkwMi4wIKXMDSoASAFQAw%3D%3D",1152,2048
albaicin,Cafe 4 Gatos,cafe-4-gatos-01.jpg,plato_estrella,desayuno tostadas,google.com,"https://www.google.com/maps/place/Caf%C3%A9+4+Gatos/@37.179132,-3.5949983,17z/data=!3m1!4b1!4m6!3m5!1s0xd71fcc766cbe0bf:0xd8d35ab1944b9ccc!8m2!3d37.179132!4d-3.5949983!16s%2Fg%2F1hc6zq0w1?entry=ttu&g_ep=EgoyMDI2MDkwMi4wIKXMDSoASAFQAw%3D%3D",1632,1224
albaicin,Cafe 4 Gatos,cafe-4-gatos-02.jpg,plato,plato representativo,google.com,"https://www.google.com/maps/place/Caf%C3%A9+4+Gatos/@37.179132,-3.5949983,17z/data=!3m1!4b1!4m6!3m5!1s0xd71fcc766cbe0bf:0xd8d35ab1944b9ccc!8m2!3d37.179132!4d-3.5949983!16s%2Fg%2F1hc6zq0w1?entry=ttu&g_ep=EgoyMDI2MDkwMi4wIKXMDSoASAFQAw%3D%3D",1080,1920
albaicin,Cafe 4 Gatos,cafe-4-gatos-03.jpg,plato,plato representativo,google.com,"https://www.google.com/maps/place/Caf%C3%A9+4+Gatos/@37.179132,-3.5949983,17z/data=!3m1!4b1!4m6!3m5!1s0xd71fcc766cbe0bf:0xd8d35ab1944b9ccc!8m2!3d37.179132!4d-3.5949983!16s%2Fg%2F1hc6zq0w1?entry=ttu&g_ep=EgoyMDI2MDkwMi4wIKXMDSoASAFQAw%3D%3D",1536,2048
albaicin,Cafe 4 Gatos,cafe-4-gatos-04.jpg,plato,plato representativo,google.com,"https://www.google.com/maps/place/Caf%C3%A9+4+Gatos/@37.179132,-3.5949983,17z/data=!3m1!4b1!4m6!3m5!1s0xd71fcc766cbe0bf:0xd8d35ab1944b9ccc!8m2!3d37.179132!4d-3.5949983!16s%2Fg%2F1hc6zq0w1?entry=ttu&g_ep=EgoyMDI2MDkwMi4wIKXMDSoASAFQAw%3D%3D",1536,2048
albaicin,Cafe 4 Gatos,cafe-4-gatos-05.jpg,plato,plato representativo,google.com,"https://www.google.com/maps/place/Caf%C3%A9+4+Gatos/@37.179132,-3.5949983,17z/data=!3m1!4b1!4m6!3m5!1s0xd71fcc766cbe0bf:0xd8d35ab1944b9ccc!8m2!3d37.179132!4d-3.5949983!16s%2Fg%2F1hc6zq0w1?entry=ttu&g_ep=EgoyMDI2MDkwMi4wIKXMDSoASAFQAw%3D%3D",1280,960
albaicin,Cafe 4 Gatos,cafe-4-gatos-06.jpg,plato,plato representativo,google.com,"https://www.google.com/maps/place/Caf%C3%A9+4+Gatos/@37.179132,-3.5949983,17z/data=!3m1!4b1!4m6!3m5!1s0xd71fcc766cbe0bf:0xd8d35ab1944b9ccc!8m2!3d37.179132!4d-3.5949983!16s%2Fg%2F1hc6zq0w1?entry=ttu&g_ep=EgoyMDI2MDkwMi4wIKXMDSoASAFQAw%3D%3D",1536,2048
albaicin,Cafe 4 Gatos,cafe-4-gatos-07.jpg,plato,plato representativo,google.com,"https://www.google.com/maps/place/Caf%C3%A9+4+Gatos/@37.179132,-3.5949983,17z/data=!3m1!4b1!4m6!3m5!1s0xd71fcc766cbe0bf:0xd8d35ab1944b9ccc!8m2!3d37.179132!4d-3.5949983!16s%2Fg%2F1hc6zq0w1?entry=ttu&g_ep=EgoyMDI2MDkwMi4wIKXMDSoASAFQAw%3D%3D",1536,2048
albaicin,Cafe 4 Gatos,cafe-4-gatos-08.jpg,plato,plato representativo,google.com,"https://www.google.com/maps/place/Caf%C3%A9+4+Gatos/@37.179132,-3.5949983,17z/data=!3m1!4b1!4m6!3m5!1s0xd71fcc766cbe0bf:0xd8d35ab1944b9ccc!8m2!3d37.179132!4d-3.5949983!16s%2Fg%2F1hc6zq0w1?entry=ttu&g_ep=EgoyMDI2MDkwMi4wIKXMDSoASAFQAw%3D%3D",1536,2048
albaicin,Cafe 4 Gatos,cafe-4-gatos-09.jpg,establecimiento,"fachada, terraza o ambiente",google.com,"https://www.google.com/maps/place/Caf%C3%A9+4+Gatos/@37.179132,-3.5949983,17z/data=!3m1!4b1!4m6!3m5!1s0xd71fcc766cbe0bf:0xd8d35ab1944b9ccc!8m2!3d37.179132!4d-3.5949983!16s%2Fg%2F1hc6zq0w1?entry=ttu&g_ep=EgoyMDI2MDkwMi4wIKXMDSoASAFQAw%3D%3D",2048,1360
albaicin,Cafe 4 Gatos,cafe-4-gatos-10.jpg,establecimiento,"fachada, terraza o ambiente",google.com,"https://www.google.com/maps/place/Caf%C3%A9+4+Gatos/@37.179132,-3.5949983,17z/data=!3m1!4b1!4m6!3m5!1s0xd71fcc766cbe0bf:0xd8d35ab1944b9ccc!8m2!3d37.179132!4d-3.5949983!16s%2Fg%2F1hc6zq0w1?entry=ttu&g_ep=EgoyMDI2MDkwMi4wIKXMDSoASAFQAw%3D%3D",1920,1080
albaicin,Estrellas de San Nicolas,estrellas-de-san-nicolas-01.jpg,plato_estrella,cocina mediterranea carne,google.com,"https://www.google.com/maps/place/Estrellas+de+San+Nicol%C3%A1s/@37.1811436,-3.5923135,17z/data=!3m1!4b1!4m6!3m5!1s0xd71fdb30fd01991:0xf16697b05a37d834!8m2!3d37.1811436!4d-3.5923135!16s%2Fg%2F1tgpcmjj?entry=ttu&g_ep=EgoyMDI2MDkwMi4wIKXMDSoASAFQAw%3D%3D",2000,1500
albaicin,Estrellas de San Nicolas,estrellas-de-san-nicolas-02.jpg,plato,plato representativo,google.com,"https://www.google.com/maps/place/Estrellas+de+San+Nicol%C3%A1s/@37.1811436,-3.5923135,17z/data=!3m1!4b1!4m6!3m5!1s0xd71fdb30fd01991:0xf16697b05a37d834!8m2!3d37.1811436!4d-3.5923135!16s%2Fg%2F1tgpcmjj?entry=ttu&g_ep=EgoyMDI2MDkwMi4wIKXMDSoASAFQAw%3D%3D",922,2048
albaicin,Estrellas de San Nicolas,estrellas-de-san-nicolas-03.jpg,plato,plato representativo,google.com,"https://www.google.com/maps/place/Estrellas+de+San+Nicol%C3%A1s/@37.1811436,-3.5923135,17z/data=!3m1!4b1!4m6!3m5!1s0xd71fdb30fd01991:0xf16697b05a37d834!8m2!3d37.1811436!4d-3.5923135!16s%2Fg%2F1tgpcmjj?entry=ttu&g_ep=EgoyMDI2MDkwMi4wIKXMDSoASAFQAw%3D%3D",1536,2048
albaicin,Estrellas de San Nicolas,estrellas-de-san-nicolas-04.jpg,plato,plato representativo,google.com,"https://www.google.com/maps/place/Estrellas+de+San+Nicol%C3%A1s/@37.1811436,-3.5923135,17z/data=!3m1!4b1!4m6!3m5!1s0xd71fdb30fd01991:0xf16697b05a37d834!8m2!3d37.1811436!4d-3.5923135!16s%2Fg%2F1tgpcmjj?entry=ttu&g_ep=EgoyMDI2MDkwMi4wIKXMDSoASAFQAw%3D%3D",2048,1536
albaicin,Estrellas de San Nicolas,estrellas-de-san-nicolas-05.jpg,plato,plato representativo,google.com,"https://www.google.com/maps/place/Estrellas+de+San+Nicol%C3%A1s/@37.1811436,-3.5923135,17z/data=!3m1!4b1!4m6!3m5!1s0xd71fdb30fd01991:0xf16697b05a37d834!8m2!3d37.1811436!4d-3.5923135!16s%2Fg%2F1tgpcmjj?entry=ttu&g_ep=EgoyMDI2MDkwMi4wIKXMDSoASAFQAw%3D%3D",1536,2048
albaicin,Estrellas de San Nicolas,estrellas-de-san-nicolas-06.jpg,plato,plato representativo,google.com,"https://www.google.com/maps/place/Estrellas+de+San+Nicol%C3%A1s/@37.1811436,-3.5923135,17z/data=!3m1!4b1!4m6!3m5!1s0xd71fdb30fd01991:0xf16697b05a37d834!8m2!3d37.1811436!4d-3.5923135!16s%2Fg%2F1tgpcmjj?entry=ttu&g_ep=EgoyMDI2MDkwMi4wIKXMDSoASAFQAw%3D%3D",1536,2048
albaicin,Estrellas de San Nicolas,estrellas-de-san-nicolas-07.jpg,plato,plato representativo,google.com,"https://www.google.com/maps/place/Estrellas+de+San+Nicol%C3%A1s/@37.1811436,-3.5923135,17z/data=!3m1!4b1!4m6!3m5!1s0xd71fdb30fd01991:0xf16697b05a37d834!8m2!3d37.1811436!4d-3.5923135!16s%2Fg%2F1tgpcmjj?entry=ttu&g_ep=EgoyMDI2MDkwMi4wIKXMDSoASAFQAw%3D%3D",2048,1536
albaicin,Estrellas de San Nicolas,estrellas-de-san-nicolas-08.jpg,plato,plato representativo,google.com,"https://www.google.com/maps/place/Estrellas+de+San+Nicol%C3%A1s/@37.1811436,-3.5923135,17z/data=!3m1!4b1!4m6!3m5!1s0xd71fdb30fd01991:0xf16697b05a37d834!8m2!3d37.1811436!4d-3.5923135!16s%2Fg%2F1tgpcmjj?entry=ttu&g_ep=EgoyMDI2MDkwMi4wIKXMDSoASAFQAw%3D%3D",1536,2048
albaicin,Estrellas de San Nicolas,estrellas-de-san-nicolas-09.jpg,establecimiento,"fachada, terraza o ambiente",google.com,"https://www.google.com/maps/place/Estrellas+de+San+Nicol%C3%A1s/@37.1811436,-3.5923135,17z/data=!3m1!4b1!4m6!3m5!1s0xd71fdb30fd01991:0xf16697b05a37d834!8m2!3d37.1811436!4d-3.5923135!16s%2Fg%2F1tgpcmjj?entry=ttu&g_ep=EgoyMDI2MDkwMi4wIKXMDSoASAFQAw%3D%3D",1600,900
albaicin,Estrellas de San Nicolas,estrellas-de-san-nicolas-10.jpg,establecimiento,"fachada, terraza o ambiente",google.com,"https://www.google.com/maps/place/Estrellas+de+San+Nicol%C3%A1s/@37.1811436,-3.5923135,17z/data=!3m1!4b1!4m6!3m5!1s0xd71fdb30fd01991:0xf16697b05a37d834!8m2!3d37.1811436!4d-3.5923135!16s%2Fg%2F1tgpcmjj?entry=ttu&g_ep=EgoyMDI2MDkwMi4wIKXMDSoASAFQAw%3D%3D",1920,1080
albaicin,El Higo,el-higo-01.jpg,plato_estrella,tajine cocina fusion,google.com,"https://www.google.com/maps/place/El+Higo/@37.1831339,-3.5926795,17z/data=!3m1!4b1!4m6!3m5!1s0xd71fcc66cb5daeb:0xb4bb89f0659d068a!8m2!3d37.1831339!4d-3.5926795!16s%2Fg%2F11bwh5cmx7?entry=ttu&g_ep=EgoyMDI2MDkwMi4wIKXMDSoASAFQAw%3D%3D",1536,2048
albaicin,El Higo,el-higo-02.jpg,plato,plato representativo,google.com,"https://www.google.com/maps/place/El+Higo/@37.1831339,-3.5926795,17z/data=!3m1!4b1!4m6!3m5!1s0xd71fcc66cb5daeb:0xb4bb89f0659d068a!8m2!3d37.1831339!4d-3.5926795!16s%2Fg%2F11bwh5cmx7?entry=ttu&g_ep=EgoyMDI2MDkwMi4wIKXMDSoASAFQAw%3D%3D",1440,1920
albaicin,El Higo,el-higo-03.jpg,plato,plato representativo,google.com,"https://www.google.com/maps/place/El+Higo/@37.1831339,-3.5926795,17z/data=!3m1!4b1!4m6!3m5!1s0xd71fcc66cb5daeb:0xb4bb89f0659d068a!8m2!3d37.1831339!4d-3.5926795!16s%2Fg%2F11bwh5cmx7?entry=ttu&g_ep=EgoyMDI2MDkwMi4wIKXMDSoASAFQAw%3D%3D",2048,1536
albaicin,El Higo,el-higo-04.jpg,plato,plato representativo,google.com,"https://www.google.com/maps/place/El+Higo/@37.1831339,-3.5926795,17z/data=!3m1!4b1!4m6!3m5!1s0xd71fcc66cb5daeb:0xb4bb89f0659d068a!8m2!3d37.1831339!4d-3.5926795!16s%2Fg%2F11bwh5cmx7?entry=ttu&g_ep=EgoyMDI2MDkwMi4wIKXMDSoASAFQAw%3D%3D",1542,2048
albaicin,El Higo,el-higo-05.jpg,plato,plato representativo,google.com,"https://www.google.com/maps/place/El+Higo/@37.1831339,-3.5926795,17z/data=!3m1!4b1!4m6!3m5!1s0xd71fcc66cb5daeb:0xb4bb89f0659d068a!8m2!3d37.1831339!4d-3.5926795!16s%2Fg%2F11bwh5cmx7?entry=ttu&g_ep=EgoyMDI2MDkwMi4wIKXMDSoASAFQAw%3D%3D",1536,2048
albaicin,El Higo,el-higo-06.jpg,plato,plato representativo,google.com,"https://www.google.com/maps/place/El+Higo/@37.1831339,-3.5926795,17z/data=!3m1!4b1!4m6!3m5!1s0xd71fcc66cb5daeb:0xb4bb89f0659d068a!8m2!3d37.1831339!4d-3.5926795!16s%2Fg%2F11bwh5cmx7?entry=ttu&g_ep=EgoyMDI2MDkwMi4wIKXMDSoASAFQAw%3D%3D",1536,2048
albaicin,El Higo,el-higo-07.jpg,plato,plato representativo,google.com,"https://www.google.com/maps/place/El+Higo/@37.1831339,-3.5926795,17z/data=!3m1!4b1!4m6!3m5!1s0xd71fcc66cb5daeb:0xb4bb89f0659d068a!8m2!3d37.1831339!4d-3.5926795!16s%2Fg%2F11bwh5cmx7?entry=ttu&g_ep=EgoyMDI2MDkwMi4wIKXMDSoASAFQAw%3D%3D",1536,2048
albaicin,El Higo,el-higo-08.jpg,plato,plato representativo,google.com,"https://www.google.com/maps/place/El+Higo/@37.1831339,-3.5926795,17z/data=!3m1!4b1!4m6!3m5!1s0xd71fcc66cb5daeb:0xb4bb89f0659d068a!8m2!3d37.1831339!4d-3.5926795!16s%2Fg%2F11bwh5cmx7?entry=ttu&g_ep=EgoyMDI2MDkwMi4wIKXMDSoASAFQAw%3D%3D",1104,829
albaicin,El Higo,el-higo-09.jpg,establecimiento,"fachada, terraza o ambiente",google.com,"https://www.google.com/maps/place/El+Higo/@37.1831339,-3.5926795,17z/data=!3m1!4b1!4m6!3m5!1s0xd71fcc66cb5daeb:0xb4bb89f0659d068a!8m2!3d37.1831339!4d-3.5926795!16s%2Fg%2F11bwh5cmx7?entry=ttu&g_ep=EgoyMDI2MDkwMi4wIKXMDSoASAFQAw%3D%3D",1920,1280
albaicin,El Higo,el-higo-10.jpg,establecimiento,"fachada, terraza o ambiente",google.com,"https://www.google.com/maps/place/El+Higo/@37.1831339,-3.5926795,17z/data=!3m1!4b1!4m6!3m5!1s0xd71fcc66cb5daeb:0xb4bb89f0659d068a!8m2!3d37.1831339!4d-3.5926795!16s%2Fg%2F11bwh5cmx7?entry=ttu&g_ep=EgoyMDI2MDkwMi4wIKXMDSoASAFQAw%3D%3D",1080,1920
albaicin,Casa Pasteles,casa-pasteles-01.jpg,plato_estrella,tapas desayuno churros,google.com,"https://www.google.com/maps/search/Casa+Pasteles+Granada+Espa%C3%B1a/@37.1720977,-3.5892847,15z/data=!3m1!4b1?entry=ttu&g_ep=EgoyMDI2MDkwMi4wIKXMDSoASAFQAw%3D%3D",2048,1403
albaicin,Casa Pasteles,casa-pasteles-02.jpg,plato,plato representativo,google.com,"https://www.google.com/maps/search/Casa+Pasteles+Granada+Espa%C3%B1a/@37.1720977,-3.5892847,15z/data=!3m1!4b1?entry=ttu&g_ep=EgoyMDI2MDkwMi4wIKXMDSoASAFQAw%3D%3D",2048,922
albaicin,Casa Pasteles,casa-pasteles-03.jpg,plato,plato representativo,google.com,"https://www.google.com/maps/search/Casa+Pasteles+Granada+Espa%C3%B1a/@37.1720977,-3.5892847,15z/data=!3m1!4b1?entry=ttu&g_ep=EgoyMDI2MDkwMi4wIKXMDSoASAFQAw%3D%3D",1152,2048
albaicin,Carmen Aben Humeya,carmen-aben-humeya-01.jpg,plato_estrella,cordero cocina mediterranea,google.com,"https://www.google.com/maps/place/Restaurante+Carmen+De+Aben+Humeya/@37.1806799,-3.5917093,17z/data=!3m1!4b1!4m6!3m5!1s0xd71fcc7d6684405:0xbfa3a8b82c110c78!8m2!3d37.1806799!4d-3.5917093!16s%2Fg%2F1tcy5nmn?entry=ttu&g_ep=EgoyMDI2MDkwMi4wIKXMDSoASAFQAw%3D%3D",2048,1363
albaicin,Carmen Aben Humeya,carmen-aben-humeya-02.jpg,plato,plato representativo,google.com,"https://www.google.com/maps/place/Restaurante+Carmen+De+Aben+Humeya/@37.1806799,-3.5917093,17z/data=!3m1!4b1!4m6!3m5!1s0xd71fcc7d6684405:0xbfa3a8b82c110c78!8m2!3d37.1806799!4d-3.5917093!16s%2Fg%2F1tcy5nmn?entry=ttu&g_ep=EgoyMDI2MDkwMi4wIKXMDSoASAFQAw%3D%3D",1920,1080
albaicin,Carmen Aben Humeya,carmen-aben-humeya-03.jpg,plato,plato representativo,google.com,"https://www.google.com/maps/place/Restaurante+Carmen+De+Aben+Humeya/@37.1806799,-3.5917093,17z/data=!3m1!4b1!4m6!3m5!1s0xd71fcc7d6684405:0xbfa3a8b82c110c78!8m2!3d37.1806799!4d-3.5917093!16s%2Fg%2F1tcy5nmn?entry=ttu&g_ep=EgoyMDI2MDkwMi4wIKXMDSoASAFQAw%3D%3D",1542,2048
albaicin,Carmen Aben Humeya,carmen-aben-humeya-04.jpg,plato,plato representativo,google.com,"https://www.google.com/maps/place/Restaurante+Carmen+De+Aben+Humeya/@37.1806799,-3.5917093,17z/data=!3m1!4b1!4m6!3m5!1s0xd71fcc7d6684405:0xbfa3a8b82c110c78!8m2!3d37.1806799!4d-3.5917093!16s%2Fg%2F1tcy5nmn?entry=ttu&g_ep=EgoyMDI2MDkwMi4wIKXMDSoASAFQAw%3D%3D",2048,1536
albaicin,Carmen Aben Humeya,carmen-aben-humeya-05.jpg,plato,plato representativo,google.com,"https://www.google.com/maps/place/Restaurante+Carmen+De+Aben+Humeya/@37.1806799,-3.5917093,17z/data=!3m1!4b1!4m6!3m5!1s0xd71fcc7d6684405:0xbfa3a8b82c110c78!8m2!3d37.1806799!4d-3.5917093!16s%2Fg%2F1tcy5nmn?entry=ttu&g_ep=EgoyMDI2MDkwMi4wIKXMDSoASAFQAw%3D%3D",2048,1536
albaicin,Carmen Aben Humeya,carmen-aben-humeya-06.jpg,plato,plato representativo,google.com,"https://www.google.com/maps/place/Restaurante+Carmen+De+Aben+Humeya/@37.1806799,-3.5917093,17z/data=!3m1!4b1!4m6!3m5!1s0xd71fcc7d6684405:0xbfa3a8b82c110c78!8m2!3d37.1806799!4d-3.5917093!16s%2Fg%2F1tcy5nmn?entry=ttu&g_ep=EgoyMDI2MDkwMi4wIKXMDSoASAFQAw%3D%3D",1584,885
albaicin,Carmen Aben Humeya,carmen-aben-humeya-07.jpg,plato,plato representativo,google.com,"https://www.google.com/maps/place/Restaurante+Carmen+De+Aben+Humeya/@37.1806799,-3.5917093,17z/data=!3m1!4b1!4m6!3m5!1s0xd71fcc7d6684405:0xbfa3a8b82c110c78!8m2!3d37.1806799!4d-3.5917093!16s%2Fg%2F1tcy5nmn?entry=ttu&g_ep=EgoyMDI2MDkwMi4wIKXMDSoASAFQAw%3D%3D",2048,1536
albaicin,Carmen Aben Humeya,carmen-aben-humeya-08.jpg,plato,plato representativo,google.com,"https://www.google.com/maps/place/Restaurante+Carmen+De+Aben+Humeya/@37.1806799,-3.5917093,17z/data=!3m1!4b1!4m6!3m5!1s0xd71fcc7d6684405:0xbfa3a8b82c110c78!8m2!3d37.1806799!4d-3.5917093!16s%2Fg%2F1tcy5nmn?entry=ttu&g_ep=EgoyMDI2MDkwMi4wIKXMDSoASAFQAw%3D%3D",1080,1920
albaicin,Carmen Aben Humeya,carmen-aben-humeya-09.jpg,establecimiento,"fachada, terraza o ambiente",google.com,"https://www.google.com/maps/place/Restaurante+Carmen+De+Aben+Humeya/@37.1806799,-3.5917093,17z/data=!3m1!4b1!4m6!3m5!1s0xd71fcc7d6684405:0xbfa3a8b82c110c78!8m2!3d37.1806799!4d-3.5917093!16s%2Fg%2F1tcy5nmn?entry=ttu&g_ep=EgoyMDI2MDkwMi4wIKXMDSoASAFQAw%3D%3D",2048,1363
albaicin,Carmen Aben Humeya,carmen-aben-humeya-10.jpg,establecimiento,"fachada, terraza o ambiente",google.com,"https://www.google.com/maps/place/Restaurante+Carmen+De+Aben+Humeya/@37.1806799,-3.5917093,17z/data=!3m1!4b1!4m6!3m5!1s0xd71fcc7d6684405:0xbfa3a8b82c110c78!8m2!3d37.1806799!4d-3.5917093!16s%2Fg%2F1tcy5nmn?entry=ttu&g_ep=EgoyMDI2MDkwMi4wIKXMDSoASAFQAw%3D%3D",1080,1920
albaicin,Carmen Mirador de Aixa,carmen-mirador-de-aixa-01.jpg,plato_estrella,solomillo iberico cocina granadina,google.com,"https://www.google.com/maps/place/Carmen+Mirador+De+Aixa/@37.1809879,-3.5912517,17z/data=!3m1!4b1!4m6!3m5!1s0xd71fcc879b2eae5:0xd0e80a5de9abee6c!8m2!3d37.1809879!4d-3.5912517!16s%2Fg%2F1thp9bb5?entry=ttu&g_ep=EgoyMDI2MDkwMi4wIKXMDSoASAFQAw%3D%3D",1277,1585
albaicin,Carmen Mirador de Aixa,carmen-mirador-de-aixa-02.jpg,plato,plato representativo,google.com,"https://www.google.com/maps/place/Carmen+Mirador+De+Aixa/@37.1809879,-3.5912517,17z/data=!3m1!4b1!4m6!3m5!1s0xd71fcc879b2eae5:0xd0e80a5de9abee6c!8m2!3d37.1809879!4d-3.5912517!16s%2Fg%2F1thp9bb5?entry=ttu&g_ep=EgoyMDI2MDkwMi4wIKXMDSoASAFQAw%3D%3D",1536,2048
albaicin,Carmen Mirador de Aixa,carmen-mirador-de-aixa-03.jpg,plato,plato representativo,google.com,"https://www.google.com/maps/place/Carmen+Mirador+De+Aixa/@37.1809879,-3.5912517,17z/data=!3m1!4b1!4m6!3m5!1s0xd71fcc879b2eae5:0xd0e80a5de9abee6c!8m2!3d37.1809879!4d-3.5912517!16s%2Fg%2F1thp9bb5?entry=ttu&g_ep=EgoyMDI2MDkwMi4wIKXMDSoASAFQAw%3D%3D",1536,2048
albaicin,Carmen Mirador de Aixa,carmen-mirador-de-aixa-04.jpg,plato,plato representativo,google.com,"https://www.google.com/maps/place/Carmen+Mirador+De+Aixa/@37.1809879,-3.5912517,17z/data=!3m1!4b1!4m6!3m5!1s0xd71fcc879b2eae5:0xd0e80a5de9abee6c!8m2!3d37.1809879!4d-3.5912517!16s%2Fg%2F1thp9bb5?entry=ttu&g_ep=EgoyMDI2MDkwMi4wIKXMDSoASAFQAw%3D%3D",2048,1536
albaicin,Carmen Mirador de Aixa,carmen-mirador-de-aixa-05.jpg,plato,plato representativo,google.com,"https://www.google.com/maps/place/Carmen+Mirador+De+Aixa/@37.1809879,-3.5912517,17z/data=!3m1!4b1!4m6!3m5!1s0xd71fcc879b2eae5:0xd0e80a5de9abee6c!8m2!3d37.1809879!4d-3.5912517!16s%2Fg%2F1thp9bb5?entry=ttu&g_ep=EgoyMDI2MDkwMi4wIKXMDSoASAFQAw%3D%3D",1536,2048
albaicin,Carmen Mirador de Aixa,carmen-mirador-de-aixa-06.jpg,plato,plato representativo,google.com,"https://www.google.com/maps/place/Carmen+Mirador+De+Aixa/@37.1809879,-3.5912517,17z/data=!3m1!4b1!4m6!3m5!1s0xd71fcc879b2eae5:0xd0e80a5de9abee6c!8m2!3d37.1809879!4d-3.5912517!16s%2Fg%2F1thp9bb5?entry=ttu&g_ep=EgoyMDI2MDkwMi4wIKXMDSoASAFQAw%3D%3D",2048,1536
albaicin,Carmen Mirador de Aixa,carmen-mirador-de-aixa-07.jpg,plato,plato representativo,google.com,"https://www.google.com/maps/place/Carmen+Mirador+De+Aixa/@37.1809879,-3.5912517,17z/data=!3m1!4b1!4m6!3m5!1s0xd71fcc879b2eae5:0xd0e80a5de9abee6c!8m2!3d37.1809879!4d-3.5912517!16s%2Fg%2F1thp9bb5?entry=ttu&g_ep=EgoyMDI2MDkwMi4wIKXMDSoASAFQAw%3D%3D",1080,1920
albaicin,Carmen Mirador de Aixa,carmen-mirador-de-aixa-08.jpg,plato,plato representativo,google.com,"https://www.google.com/maps/place/Carmen+Mirador+De+Aixa/@37.1809879,-3.5912517,17z/data=!3m1!4b1!4m6!3m5!1s0xd71fcc879b2eae5:0xd0e80a5de9abee6c!8m2!3d37.1809879!4d-3.5912517!16s%2Fg%2F1thp9bb5?entry=ttu&g_ep=EgoyMDI2MDkwMi4wIKXMDSoASAFQAw%3D%3D",2048,1127
albaicin,Carmen Mirador de Aixa,carmen-mirador-de-aixa-09.jpg,establecimiento,"fachada, terraza o ambiente",google.com,"https://www.google.com/maps/place/Carmen+Mirador+De+Aixa/@37.1809879,-3.5912517,17z/data=!3m1!4b1!4m6!3m5!1s0xd71fcc879b2eae5:0xd0e80a5de9abee6c!8m2!3d37.1809879!4d-3.5912517!16s%2Fg%2F1thp9bb5?entry=ttu&g_ep=EgoyMDI2MDkwMi4wIKXMDSoASAFQAw%3D%3D",1359,900
albaicin,Carmen Mirador de Aixa,carmen-mirador-de-aixa-10.jpg,establecimiento,"fachada, terraza o ambiente",google.com,"https://www.google.com/maps/place/Carmen+Mirador+De+Aixa/@37.1809879,-3.5912517,17z/data=!3m1!4b1!4m6!3m5!1s0xd71fcc879b2eae5:0xd0e80a5de9abee6c!8m2!3d37.1809879!4d-3.5912517!16s%2Fg%2F1thp9bb5?entry=ttu&g_ep=EgoyMDI2MDkwMi4wIKXMDSoASAFQAw%3D%3D",1920,1080
albaicin,Mirador de Morayma,mirador-de-morayma-01.jpg,plato_estrella,remojon granadino cocina nazari,google.com,"https://www.google.com/maps/place/Restaurante+Mirador+de+Morayma/@37.1807553,-3.5895934,17z/data=!3m1!4b1!4m6!3m5!1s0xd71fcc85acc126b:0x9ed232da98a12cdd!8m2!3d37.1807553!4d-3.5895934!16s%2Fg%2F1tfmdlcp?entry=ttu&g_ep=EgoyMDI2MDkwMi4wIKXMDSoASAFQAw%3D%3D",2048,1536
albaicin,Mirador de Morayma,mirador-de-morayma-02.jpg,plato,plato representativo,google.com,"https://www.google.com/maps/place/Restaurante+Mirador+de+Morayma/@37.1807553,-3.5895934,17z/data=!3m1!4b1!4m6!3m5!1s0xd71fcc85acc126b:0x9ed232da98a12cdd!8m2!3d37.1807553!4d-3.5895934!16s%2Fg%2F1tfmdlcp?entry=ttu&g_ep=EgoyMDI2MDkwMi4wIKXMDSoASAFQAw%3D%3D",1536,2048
albaicin,Mirador de Morayma,mirador-de-morayma-03.jpg,plato,plato representativo,google.com,"https://www.google.com/maps/place/Restaurante+Mirador+de+Morayma/@37.1807553,-3.5895934,17z/data=!3m1!4b1!4m6!3m5!1s0xd71fcc85acc126b:0x9ed232da98a12cdd!8m2!3d37.1807553!4d-3.5895934!16s%2Fg%2F1tfmdlcp?entry=ttu&g_ep=EgoyMDI2MDkwMi4wIKXMDSoASAFQAw%3D%3D",1536,2048
albaicin,Mirador de Morayma,mirador-de-morayma-04.jpg,plato,plato representativo,google.com,"https://www.google.com/maps/place/Restaurante+Mirador+de+Morayma/@37.1807553,-3.5895934,17z/data=!3m1!4b1!4m6!3m5!1s0xd71fcc85acc126b:0x9ed232da98a12cdd!8m2!3d37.1807553!4d-3.5895934!16s%2Fg%2F1tfmdlcp?entry=ttu&g_ep=EgoyMDI2MDkwMi4wIKXMDSoASAFQAw%3D%3D",1536,2048
albaicin,Mirador de Morayma,mirador-de-morayma-05.jpg,plato,plato representativo,google.com,"https://www.google.com/maps/place/Restaurante+Mirador+de+Morayma/@37.1807553,-3.5895934,17z/data=!3m1!4b1!4m6!3m5!1s0xd71fcc85acc126b:0x9ed232da98a12cdd!8m2!3d37.1807553!4d-3.5895934!16s%2Fg%2F1tfmdlcp?entry=ttu&g_ep=EgoyMDI2MDkwMi4wIKXMDSoASAFQAw%3D%3D",1500,2000
albaicin,Mirador de Morayma,mirador-de-morayma-06.jpg,plato,plato representativo,google.com,"https://www.google.com/maps/place/Restaurante+Mirador+de+Morayma/@37.1807553,-3.5895934,17z/data=!3m1!4b1!4m6!3m5!1s0xd71fcc85acc126b:0x9ed232da98a12cdd!8m2!3d37.1807553!4d-3.5895934!16s%2Fg%2F1tfmdlcp?entry=ttu&g_ep=EgoyMDI2MDkwMi4wIKXMDSoASAFQAw%3D%3D",1157,2048
albaicin,Mirador de Morayma,mirador-de-morayma-07.jpg,plato,plato representativo,google.com,"https://www.google.com/maps/place/Restaurante+Mirador+de+Morayma/@37.1807553,-3.5895934,17z/data=!3m1!4b1!4m6!3m5!1s0xd71fcc85acc126b:0x9ed232da98a12cdd!8m2!3d37.1807553!4d-3.5895934!16s%2Fg%2F1tfmdlcp?entry=ttu&g_ep=EgoyMDI2MDkwMi4wIKXMDSoASAFQAw%3D%3D",1536,2048
albaicin,Mirador de Morayma,mirador-de-morayma-08.jpg,plato,plato representativo,google.com,"https://www.google.com/maps/place/Restaurante+Mirador+de+Morayma/@37.1807553,-3.5895934,17z/data=!3m1!4b1!4m6!3m5!1s0xd71fcc85acc126b:0x9ed232da98a12cdd!8m2!3d37.1807553!4d-3.5895934!16s%2Fg%2F1tfmdlcp?entry=ttu&g_ep=EgoyMDI2MDkwMi4wIKXMDSoASAFQAw%3D%3D",1536,2048
albaicin,Mirador de Morayma,mirador-de-morayma-09.jpg,establecimiento,"fachada, terraza o ambiente",google.com,"https://www.google.com/maps/place/Restaurante+Mirador+de+Morayma/@37.1807553,-3.5895934,17z/data=!3m1!4b1!4m6!3m5!1s0xd71fcc85acc126b:0x9ed232da98a12cdd!8m2!3d37.1807553!4d-3.5895934!16s%2Fg%2F1tfmdlcp?entry=ttu&g_ep=EgoyMDI2MDkwMi4wIKXMDSoASAFQAw%3D%3D",1536,2048
albaicin,Mirador de Morayma,mirador-de-morayma-10.jpg,establecimiento,"fachada, terraza o ambiente",google.com,"https://www.google.com/maps/place/Restaurante+Mirador+de+Morayma/@37.1807553,-3.5895934,17z/data=!3m1!4b1!4m6!3m5!1s0xd71fcc85acc126b:0x9ed232da98a12cdd!8m2!3d37.1807553!4d-3.5895934!16s%2Fg%2F1tfmdlcp?entry=ttu&g_ep=EgoyMDI2MDkwMi4wIKXMDSoASAFQAw%3D%3D",2048,1153
albaicin,El Huerto de Juan Ranas,el-huerto-de-juan-ranas-01.jpg,plato_estrella,carne a la brasa cocina granadina,google.com,"https://www.google.com/maps/place/El+Huerto+de+Juan+Ranas,+La+Terraza./@37.1809919,-3.5921412,17z/data=!3m1!4b1!4m6!3m5!1s0xd71fcc7c98324f7:0xe0c1eddf72e91495!8m2!3d37.1809919!4d-3.5921412!16s%2Fg%2F1tjtkmmd?entry=ttu&g_ep=EgoyMDI2MDkwMi4wIKXMDSoASAFQAw%3D%3D",1024,768
albaicin,El Huerto de Juan Ranas,el-huerto-de-juan-ranas-02.jpg,plato,plato representativo,google.com,"https://www.google.com/maps/place/El+Huerto+de+Juan+Ranas,+La+Terraza./@37.1809919,-3.5921412,17z/data=!3m1!4b1!4m6!3m5!1s0xd71fcc7c98324f7:0xe0c1eddf72e91495!8m2!3d37.1809919!4d-3.5921412!16s%2Fg%2F1tjtkmmd?entry=ttu&g_ep=EgoyMDI2MDkwMi4wIKXMDSoASAFQAw%3D%3D",1080,1920
albaicin,El Huerto de Juan Ranas,el-huerto-de-juan-ranas-03.jpg,plato,plato representativo,google.com,"https://www.google.com/maps/place/El+Huerto+de+Juan+Ranas,+La+Terraza./@37.1809919,-3.5921412,17z/data=!3m1!4b1!4m6!3m5!1s0xd71fcc7c98324f7:0xe0c1eddf72e91495!8m2!3d37.1809919!4d-3.5921412!16s%2Fg%2F1tjtkmmd?entry=ttu&g_ep=EgoyMDI2MDkwMi4wIKXMDSoASAFQAw%3D%3D",1080,1245
albaicin,El Huerto de Juan Ranas,el-huerto-de-juan-ranas-04.jpg,plato,plato representativo,google.com,"https://www.google.com/maps/place/El+Huerto+de+Juan+Ranas,+La+Terraza./@37.1809919,-3.5921412,17z/data=!3m1!4b1!4m6!3m5!1s0xd71fcc7c98324f7:0xe0c1eddf72e91495!8m2!3d37.1809919!4d-3.5921412!16s%2Fg%2F1tjtkmmd?entry=ttu&g_ep=EgoyMDI2MDkwMi4wIKXMDSoASAFQAw%3D%3D",2000,1500
albaicin,El Huerto de Juan Ranas,el-huerto-de-juan-ranas-05.jpg,plato,plato representativo,google.com,"https://www.google.com/maps/place/El+Huerto+de+Juan+Ranas,+La+Terraza./@37.1809919,-3.5921412,17z/data=!3m1!4b1!4m6!3m5!1s0xd71fcc7c98324f7:0xe0c1eddf72e91495!8m2!3d37.1809919!4d-3.5921412!16s%2Fg%2F1tjtkmmd?entry=ttu&g_ep=EgoyMDI2MDkwMi4wIKXMDSoASAFQAw%3D%3D",1536,2048
albaicin,El Huerto de Juan Ranas,el-huerto-de-juan-ranas-06.jpg,plato,plato representativo,google.com,"https://www.google.com/maps/place/El+Huerto+de+Juan+Ranas,+La+Terraza./@37.1809919,-3.5921412,17z/data=!3m1!4b1!4m6!3m5!1s0xd71fcc7c98324f7:0xe0c1eddf72e91495!8m2!3d37.1809919!4d-3.5921412!16s%2Fg%2F1tjtkmmd?entry=ttu&g_ep=EgoyMDI2MDkwMi4wIKXMDSoASAFQAw%3D%3D",1536,2048
albaicin,El Huerto de Juan Ranas,el-huerto-de-juan-ranas-07.jpg,plato,plato representativo,google.com,"https://www.google.com/maps/place/El+Huerto+de+Juan+Ranas,+La+Terraza./@37.1809919,-3.5921412,17z/data=!3m1!4b1!4m6!3m5!1s0xd71fcc7c98324f7:0xe0c1eddf72e91495!8m2!3d37.1809919!4d-3.5921412!16s%2Fg%2F1tjtkmmd?entry=ttu&g_ep=EgoyMDI2MDkwMi4wIKXMDSoASAFQAw%3D%3D",1536,2048
albaicin,El Huerto de Juan Ranas,el-huerto-de-juan-ranas-08.jpg,plato,plato representativo,google.com,"https://www.google.com/maps/place/El+Huerto+de+Juan+Ranas,+La+Terraza./@37.1809919,-3.5921412,17z/data=!3m1!4b1!4m6!3m5!1s0xd71fcc7c98324f7:0xe0c1eddf72e91495!8m2!3d37.1809919!4d-3.5921412!16s%2Fg%2F1tjtkmmd?entry=ttu&g_ep=EgoyMDI2MDkwMi4wIKXMDSoASAFQAw%3D%3D",1080,1920
albaicin,El Huerto de Juan Ranas,el-huerto-de-juan-ranas-09.jpg,establecimiento,"fachada, terraza o ambiente",google.com,"https://www.google.com/maps/place/El+Huerto+de+Juan+Ranas,+La+Terraza./@37.1809919,-3.5921412,17z/data=!3m1!4b1!4m6!3m5!1s0xd71fcc7c98324f7:0xe0c1eddf72e91495!8m2!3d37.1809919!4d-3.5921412!16s%2Fg%2F1tjtkmmd?entry=ttu&g_ep=EgoyMDI2MDkwMi4wIKXMDSoASAFQAw%3D%3D",1920,1080
albaicin,El Huerto de Juan Ranas,el-huerto-de-juan-ranas-10.jpg,establecimiento,"fachada, terraza o ambiente",google.com,"https://www.google.com/maps/place/El+Huerto+de+Juan+Ranas,+La+Terraza./@37.1809919,-3.5921412,17z/data=!3m1!4b1!4m6!3m5!1s0xd71fcc7c98324f7:0xe0c1eddf72e91495!8m2!3d37.1809919!4d-3.5921412!16s%2Fg%2F1tjtkmmd?entry=ttu&g_ep=EgoyMDI2MDkwMi4wIKXMDSoASAFQAw%3D%3D",1440,1920
albaicin,Carmen El Agua,carmen-el-agua-01.jpg,plato_estrella,fondue de queso,google.com,"https://www.google.com/maps/place/Restaurante+Carmen+El+Agua/@37.1799806,-3.5930139,17z/data=!3m1!4b1!4m6!3m5!1s0xd71fcc7966b5417:0x72b2f17255e35925!8m2!3d37.1799806!4d-3.5930139!16s%2Fg%2F1thgjct0?entry=ttu&g_ep=EgoyMDI2MDkwMi4wIKXMDSoASAFQAw%3D%3D",1500,1000
albaicin,Carmen El Agua,carmen-el-agua-02.jpg,plato,plato representativo,google.com,"https://www.google.com/maps/place/Restaurante+Carmen+El+Agua/@37.1799806,-3.5930139,17z/data=!3m1!4b1!4m6!3m5!1s0xd71fcc7966b5417:0x72b2f17255e35925!8m2!3d37.1799806!4d-3.5930139!16s%2Fg%2F1thgjct0?entry=ttu&g_ep=EgoyMDI2MDkwMi4wIKXMDSoASAFQAw%3D%3D",1532,2048
albaicin,Carmen El Agua,carmen-el-agua-03.jpg,plato,plato representativo,google.com,"https://www.google.com/maps/place/Restaurante+Carmen+El+Agua/@37.1799806,-3.5930139,17z/data=!3m1!4b1!4m6!3m5!1s0xd71fcc7966b5417:0x72b2f17255e35925!8m2!3d37.1799806!4d-3.5930139!16s%2Fg%2F1thgjct0?entry=ttu&g_ep=EgoyMDI2MDkwMi4wIKXMDSoASAFQAw%3D%3D",2048,1538
albaicin,Carmen El Agua,carmen-el-agua-04.jpg,plato,plato representativo,google.com,"https://www.google.com/maps/place/Restaurante+Carmen+El+Agua/@37.1799806,-3.5930139,17z/data=!3m1!4b1!4m6!3m5!1s0xd71fcc7966b5417:0x72b2f17255e35925!8m2!3d37.1799806!4d-3.5930139!16s%2Fg%2F1thgjct0?entry=ttu&g_ep=EgoyMDI2MDkwMi4wIKXMDSoASAFQAw%3D%3D",1538,2048
albaicin,Carmen El Agua,carmen-el-agua-05.jpg,plato,plato representativo,google.com,"https://www.google.com/maps/place/Restaurante+Carmen+El+Agua/@37.1799806,-3.5930139,17z/data=!3m1!4b1!4m6!3m5!1s0xd71fcc7966b5417:0x72b2f17255e35925!8m2!3d37.1799806!4d-3.5930139!16s%2Fg%2F1thgjct0?entry=ttu&g_ep=EgoyMDI2MDkwMi4wIKXMDSoASAFQAw%3D%3D",2048,1532
albaicin,Carmen El Agua,carmen-el-agua-06.jpg,plato,plato representativo,google.com,"https://www.google.com/maps/place/Restaurante+Carmen+El+Agua/@37.1799806,-3.5930139,17z/data=!3m1!4b1!4m6!3m5!1s0xd71fcc7966b5417:0x72b2f17255e35925!8m2!3d37.1799806!4d-3.5930139!16s%2Fg%2F1thgjct0?entry=ttu&g_ep=EgoyMDI2MDkwMi4wIKXMDSoASAFQAw%3D%3D",2048,1024
albaicin,Carmen El Agua,carmen-el-agua-07.jpg,plato,plato representativo,google.com,"https://www.google.com/maps/place/Restaurante+Carmen+El+Agua/@37.1799806,-3.5930139,17z/data=!3m1!4b1!4m6!3m5!1s0xd71fcc7966b5417:0x72b2f17255e35925!8m2!3d37.1799806!4d-3.5930139!16s%2Fg%2F1thgjct0?entry=ttu&g_ep=EgoyMDI2MDkwMi4wIKXMDSoASAFQAw%3D%3D",2048,1152
albaicin,Carmen El Agua,carmen-el-agua-08.jpg,plato,plato representativo,google.com,"https://www.google.com/maps/place/Restaurante+Carmen+El+Agua/@37.1799806,-3.5930139,17z/data=!3m1!4b1!4m6!3m5!1s0xd71fcc7966b5417:0x72b2f17255e35925!8m2!3d37.1799806!4d-3.5930139!16s%2Fg%2F1thgjct0?entry=ttu&g_ep=EgoyMDI2MDkwMi4wIKXMDSoASAFQAw%3D%3D",2048,1536
albaicin,Carmen El Agua,carmen-el-agua-09.jpg,establecimiento,"fachada, terraza o ambiente",google.com,"https://www.google.com/maps/place/Restaurante+Carmen+El+Agua/@37.1799806,-3.5930139,17z/data=!3m1!4b1!4m6!3m5!1s0xd71fcc7966b5417:0x72b2f17255e35925!8m2!3d37.1799806!4d-3.5930139!16s%2Fg%2F1thgjct0?entry=ttu&g_ep=EgoyMDI2MDkwMi4wIKXMDSoASAFQAw%3D%3D",2048,1365
albaicin,Carmen El Agua,carmen-el-agua-10.jpg,establecimiento,"fachada, terraza o ambiente",google.com,"https://www.google.com/maps/place/Restaurante+Carmen+El+Agua/@37.1799806,-3.5930139,17z/data=!3m1!4b1!4m6!3m5!1s0xd71fcc7966b5417:0x72b2f17255e35925!8m2!3d37.1799806!4d-3.5930139!16s%2Fg%2F1thgjct0?entry=ttu&g_ep=EgoyMDI2MDkwMi4wIKXMDSoASAFQAw%3D%3D",1080,1920
albaicin,El Trillo,el-trillo-01.jpg,plato_estrella,rabo de toro cocina mediterranea,google.com,"https://www.google.com/maps/place/El+Trillo+Restaurante+Granada/@37.1797556,-3.5934502,17z/data=!3m1!4b1!4m6!3m5!1s0xd71fdaca7e3f5d1:0xd1ddac39f195e86c!8m2!3d37.1797556!4d-3.5934502!16s%2Fg%2F1tjv4w1j?entry=ttu&g_ep=EgoyMDI2MDkwMi4wIKXMDSoASAFQAw%3D%3D",2048,1365
albaicin,El Trillo,el-trillo-02.jpg,plato,plato representativo,google.com,"https://www.google.com/maps/place/El+Trillo+Restaurante+Granada/@37.1797556,-3.5934502,17z/data=!3m1!4b1!4m6!3m5!1s0xd71fdaca7e3f5d1:0xd1ddac39f195e86c!8m2!3d37.1797556!4d-3.5934502!16s%2Fg%2F1tjv4w1j?entry=ttu&g_ep=EgoyMDI2MDkwMi4wIKXMDSoASAFQAw%3D%3D",1080,1920
albaicin,El Trillo,el-trillo-03.jpg,plato,plato representativo,google.com,"https://www.google.com/maps/place/El+Trillo+Restaurante+Granada/@37.1797556,-3.5934502,17z/data=!3m1!4b1!4m6!3m5!1s0xd71fdaca7e3f5d1:0xd1ddac39f195e86c!8m2!3d37.1797556!4d-3.5934502!16s%2Fg%2F1tjv4w1j?entry=ttu&g_ep=EgoyMDI2MDkwMi4wIKXMDSoASAFQAw%3D%3D",1536,2048
albaicin,El Trillo,el-trillo-04.jpg,plato,plato representativo,google.com,"https://www.google.com/maps/place/El+Trillo+Restaurante+Granada/@37.1797556,-3.5934502,17z/data=!3m1!4b1!4m6!3m5!1s0xd71fdaca7e3f5d1:0xd1ddac39f195e86c!8m2!3d37.1797556!4d-3.5934502!16s%2Fg%2F1tjv4w1j?entry=ttu&g_ep=EgoyMDI2MDkwMi4wIKXMDSoASAFQAw%3D%3D",1536,2048
albaicin,El Trillo,el-trillo-05.jpg,plato,plato representativo,google.com,"https://www.google.com/maps/place/El+Trillo+Restaurante+Granada/@37.1797556,-3.5934502,17z/data=!3m1!4b1!4m6!3m5!1s0xd71fdaca7e3f5d1:0xd1ddac39f195e86c!8m2!3d37.1797556!4d-3.5934502!16s%2Fg%2F1tjv4w1j?entry=ttu&g_ep=EgoyMDI2MDkwMi4wIKXMDSoASAFQAw%3D%3D",1536,2048
albaicin,El Trillo,el-trillo-06.jpg,plato,plato representativo,google.com,"https://www.google.com/maps/place/El+Trillo+Restaurante+Granada/@37.1797556,-3.5934502,17z/data=!3m1!4b1!4m6!3m5!1s0xd71fdaca7e3f5d1:0xd1ddac39f195e86c!8m2!3d37.1797556!4d-3.5934502!16s%2Fg%2F1tjv4w1j?entry=ttu&g_ep=EgoyMDI2MDkwMi4wIKXMDSoASAFQAw%3D%3D",1536,2048
albaicin,El Trillo,el-trillo-07.jpg,plato,plato representativo,google.com,"https://www.google.com/maps/place/El+Trillo+Restaurante+Granada/@37.1797556,-3.5934502,17z/data=!3m1!4b1!4m6!3m5!1s0xd71fdaca7e3f5d1:0xd1ddac39f195e86c!8m2!3d37.1797556!4d-3.5934502!16s%2Fg%2F1tjv4w1j?entry=ttu&g_ep=EgoyMDI2MDkwMi4wIKXMDSoASAFQAw%3D%3D",1536,2048
albaicin,El Trillo,el-trillo-08.jpg,plato,plato representativo,google.com,"https://www.google.com/maps/place/El+Trillo+Restaurante+Granada/@37.1797556,-3.5934502,17z/data=!3m1!4b1!4m6!3m5!1s0xd71fdaca7e3f5d1:0xd1ddac39f195e86c!8m2!3d37.1797556!4d-3.5934502!16s%2Fg%2F1tjv4w1j?entry=ttu&g_ep=EgoyMDI2MDkwMi4wIKXMDSoASAFQAw%3D%3D",2048,1536
albaicin,El Trillo,el-trillo-09.jpg,establecimiento,"fachada, terraza o ambiente",google.com,"https://www.google.com/maps/place/El+Trillo+Restaurante+Granada/@37.1797556,-3.5934502,17z/data=!3m1!4b1!4m6!3m5!1s0xd71fdaca7e3f5d1:0xd1ddac39f195e86c!8m2!3d37.1797556!4d-3.5934502!16s%2Fg%2F1tjv4w1j?entry=ttu&g_ep=EgoyMDI2MDkwMi4wIKXMDSoASAFQAw%3D%3D",2048,1365
albaicin,El Trillo,el-trillo-10.jpg,establecimiento,"fachada, terraza o ambiente",google.com,"https://www.google.com/maps/place/El+Trillo+Restaurante+Granada/@37.1797556,-3.5934502,17z/data=!3m1!4b1!4m6!3m5!1s0xd71fdaca7e3f5d1:0xd1ddac39f195e86c!8m2!3d37.1797556!4d-3.5934502!16s%2Fg%2F1tjv4w1j?entry=ttu&g_ep=EgoyMDI2MDkwMi4wIKXMDSoASAFQAw%3D%3D",1152,2048
albaicin,Arrayanes,arrayanes-01.jpg,plato_estrella,cuscus tajine marroqui,google.com,"https://www.google.com/maps/place/Restaurante+Arrayanes/@37.1782013,-3.5968969,17z/data=!3m1!4b1!4m6!3m5!1s0xd71fcbf53cbb9c7:0xfc1b7f6f29a60268!8m2!3d37.1782013!4d-3.5968969!16s%2Fg%2F1tj5937c?entry=ttu&g_ep=EgoyMDI2MDkwMi4wIKXMDSoASAFQAw%3D%3D",1537,2048
albaicin,Arrayanes,arrayanes-02.jpg,plato,plato representativo,google.com,"https://www.google.com/maps/place/Restaurante+Arrayanes/@37.1782013,-3.5968969,17z/data=!3m1!4b1!4m6!3m5!1s0xd71fcbf53cbb9c7:0xfc1b7f6f29a60268!8m2!3d37.1782013!4d-3.5968969!16s%2Fg%2F1tj5937c?entry=ttu&g_ep=EgoyMDI2MDkwMi4wIKXMDSoASAFQAw%3D%3D",720,1280
albaicin,Arrayanes,arrayanes-03.jpg,plato,plato representativo,google.com,"https://www.google.com/maps/place/Restaurante+Arrayanes/@37.1782013,-3.5968969,17z/data=!3m1!4b1!4m6!3m5!1s0xd71fcbf53cbb9c7:0xfc1b7f6f29a60268!8m2!3d37.1782013!4d-3.5968969!16s%2Fg%2F1tj5937c?entry=ttu&g_ep=EgoyMDI2MDkwMi4wIKXMDSoASAFQAw%3D%3D",2048,1536
albaicin,Arrayanes,arrayanes-04.jpg,plato,plato representativo,google.com,"https://www.google.com/maps/place/Restaurante+Arrayanes/@37.1782013,-3.5968969,17z/data=!3m1!4b1!4m6!3m5!1s0xd71fcbf53cbb9c7:0xfc1b7f6f29a60268!8m2!3d37.1782013!4d-3.5968969!16s%2Fg%2F1tj5937c?entry=ttu&g_ep=EgoyMDI2MDkwMi4wIKXMDSoASAFQAw%3D%3D",2048,2048
albaicin,Arrayanes,arrayanes-05.jpg,plato,plato representativo,google.com,"https://www.google.com/maps/place/Restaurante+Arrayanes/@37.1782013,-3.5968969,17z/data=!3m1!4b1!4m6!3m5!1s0xd71fcbf53cbb9c7:0xfc1b7f6f29a60268!8m2!3d37.1782013!4d-3.5968969!16s%2Fg%2F1tj5937c?entry=ttu&g_ep=EgoyMDI2MDkwMi4wIKXMDSoASAFQAw%3D%3D",1638,2048
albaicin,Arrayanes,arrayanes-06.jpg,plato,plato representativo,google.com,"https://www.google.com/maps/place/Restaurante+Arrayanes/@37.1782013,-3.5968969,17z/data=!3m1!4b1!4m6!3m5!1s0xd71fcbf53cbb9c7:0xfc1b7f6f29a60268!8m2!3d37.1782013!4d-3.5968969!16s%2Fg%2F1tj5937c?entry=ttu&g_ep=EgoyMDI2MDkwMi4wIKXMDSoASAFQAw%3D%3D",2048,1480
albaicin,Arrayanes,arrayanes-07.jpg,plato,plato representativo,google.com,"https://www.google.com/maps/place/Restaurante+Arrayanes/@37.1782013,-3.5968969,17z/data=!3m1!4b1!4m6!3m5!1s0xd71fcbf53cbb9c7:0xfc1b7f6f29a60268!8m2!3d37.1782013!4d-3.5968969!16s%2Fg%2F1tj5937c?entry=ttu&g_ep=EgoyMDI2MDkwMi4wIKXMDSoASAFQAw%3D%3D",1536,2048
albaicin,Arrayanes,arrayanes-08.jpg,plato,plato representativo,google.com,"https://www.google.com/maps/place/Restaurante+Arrayanes/@37.1782013,-3.5968969,17z/data=!3m1!4b1!4m6!3m5!1s0xd71fcbf53cbb9c7:0xfc1b7f6f29a60268!8m2!3d37.1782013!4d-3.5968969!16s%2Fg%2F1tj5937c?entry=ttu&g_ep=EgoyMDI2MDkwMi4wIKXMDSoASAFQAw%3D%3D",1536,2048
albaicin,Arrayanes,arrayanes-09.jpg,establecimiento,"fachada, terraza o ambiente",google.com,"https://www.google.com/maps/place/Restaurante+Arrayanes/@37.1782013,-3.5968969,17z/data=!3m1!4b1!4m6!3m5!1s0xd71fcbf53cbb9c7:0xfc1b7f6f29a60268!8m2!3d37.1782013!4d-3.5968969!16s%2Fg%2F1tj5937c?entry=ttu&g_ep=EgoyMDI2MDkwMi4wIKXMDSoASAFQAw%3D%3D",1537,2048
albaicin,Arrayanes,arrayanes-10.jpg,establecimiento,"fachada, terraza o ambiente",google.com,"https://www.google.com/maps/place/Restaurante+Arrayanes/@37.1782013,-3.5968969,17z/data=!3m1!4b1!4m6!3m5!1s0xd71fcbf53cbb9c7:0xfc1b7f6f29a60268!8m2!3d37.1782013!4d-3.5968969!16s%2Fg%2F1tj5937c?entry=ttu&g_ep=EgoyMDI2MDkwMi4wIKXMDSoASAFQAw%3D%3D",1536,2048
granada,Arroceria Maese Pio,arroceria-maese-pio-01.jpg,plato_estrella,arroz paella,google.com,"https://www.google.com/maps/place/Maese+P%C3%ADo+Arrocer%C3%ADa+Restaurante/@37.1782602,-3.5996227,17z/data=!3m1!4b1!4m6!3m5!1s0xd71fcbf888a7e51:0x5f50514beae9d874!8m2!3d37.1782602!4d-3.5996227!16s%2Fg%2F12m96zb2m?entry=ttu&g_ep=EgoyMDI2MDkwMi4wIKXMDSoASAFQAw%3D%3D",2048,1365
granada,Arroceria Maese Pio,arroceria-maese-pio-02.jpg,plato,plato representativo,google.com,"https://www.google.com/maps/place/Maese+P%C3%ADo+Arrocer%C3%ADa+Restaurante/@37.1782602,-3.5996227,17z/data=!3m1!4b1!4m6!3m5!1s0xd71fcbf888a7e51:0x5f50514beae9d874!8m2!3d37.1782602!4d-3.5996227!16s%2Fg%2F12m96zb2m?entry=ttu&g_ep=EgoyMDI2MDkwMi4wIKXMDSoASAFQAw%3D%3D",1080,1920
granada,Arroceria Maese Pio,arroceria-maese-pio-03.jpg,plato,plato representativo,google.com,"https://www.google.com/maps/place/Maese+P%C3%ADo+Arrocer%C3%ADa+Restaurante/@37.1782602,-3.5996227,17z/data=!3m1!4b1!4m6!3m5!1s0xd71fcbf888a7e51:0x5f50514beae9d874!8m2!3d37.1782602!4d-3.5996227!16s%2Fg%2F12m96zb2m?entry=ttu&g_ep=EgoyMDI2MDkwMi4wIKXMDSoASAFQAw%3D%3D",768,1024
granada,Arroceria Maese Pio,arroceria-maese-pio-04.jpg,plato,plato representativo,google.com,"https://www.google.com/maps/place/Maese+P%C3%ADo+Arrocer%C3%ADa+Restaurante/@37.1782602,-3.5996227,17z/data=!3m1!4b1!4m6!3m5!1s0xd71fcbf888a7e51:0x5f50514beae9d874!8m2!3d37.1782602!4d-3.5996227!16s%2Fg%2F12m96zb2m?entry=ttu&g_ep=EgoyMDI2MDkwMi4wIKXMDSoASAFQAw%3D%3D",2048,1365
granada,Arroceria Maese Pio,arroceria-maese-pio-05.jpg,plato,plato representativo,google.com,"https://www.google.com/maps/place/Maese+P%C3%ADo+Arrocer%C3%ADa+Restaurante/@37.1782602,-3.5996227,17z/data=!3m1!4b1!4m6!3m5!1s0xd71fcbf888a7e51:0x5f50514beae9d874!8m2!3d37.1782602!4d-3.5996227!16s%2Fg%2F12m96zb2m?entry=ttu&g_ep=EgoyMDI2MDkwMi4wIKXMDSoASAFQAw%3D%3D",1536,2048
granada,Arroceria Maese Pio,arroceria-maese-pio-06.jpg,plato,plato representativo,google.com,"https://www.google.com/maps/place/Maese+P%C3%ADo+Arrocer%C3%ADa+Restaurante/@37.1782602,-3.5996227,17z/data=!3m1!4b1!4m6!3m5!1s0xd71fcbf888a7e51:0x5f50514beae9d874!8m2!3d37.1782602!4d-3.5996227!16s%2Fg%2F12m96zb2m?entry=ttu&g_ep=EgoyMDI2MDkwMi4wIKXMDSoASAFQAw%3D%3D",2048,1365
granada,Arroceria Maese Pio,arroceria-maese-pio-07.jpg,plato,plato representativo,google.com,"https://www.google.com/maps/place/Maese+P%C3%ADo+Arrocer%C3%ADa+Restaurante/@37.1782602,-3.5996227,17z/data=!3m1!4b1!4m6!3m5!1s0xd71fcbf888a7e51:0x5f50514beae9d874!8m2!3d37.1782602!4d-3.5996227!16s%2Fg%2F12m96zb2m?entry=ttu&g_ep=EgoyMDI2MDkwMi4wIKXMDSoASAFQAw%3D%3D",1080,1920
granada,Arroceria Maese Pio,arroceria-maese-pio-08.jpg,plato,plato representativo,google.com,"https://www.google.com/maps/place/Maese+P%C3%ADo+Arrocer%C3%ADa+Restaurante/@37.1782602,-3.5996227,17z/data=!3m1!4b1!4m6!3m5!1s0xd71fcbf888a7e51:0x5f50514beae9d874!8m2!3d37.1782602!4d-3.5996227!16s%2Fg%2F12m96zb2m?entry=ttu&g_ep=EgoyMDI2MDkwMi4wIKXMDSoASAFQAw%3D%3D",1536,2048
granada,Arroceria Maese Pio,arroceria-maese-pio-09.jpg,establecimiento,"fachada, terraza o ambiente",google.com,"https://www.google.com/maps/place/Maese+P%C3%ADo+Arrocer%C3%ADa+Restaurante/@37.1782602,-3.5996227,17z/data=!3m1!4b1!4m6!3m5!1s0xd71fcbf888a7e51:0x5f50514beae9d874!8m2!3d37.1782602!4d-3.5996227!16s%2Fg%2F12m96zb2m?entry=ttu&g_ep=EgoyMDI2MDkwMi4wIKXMDSoASAFQAw%3D%3D",2048,1365
granada,Arroceria Maese Pio,arroceria-maese-pio-10.jpg,establecimiento,"fachada, terraza o ambiente",google.com,"https://www.google.com/maps/place/Maese+P%C3%ADo+Arrocer%C3%ADa+Restaurante/@37.1782602,-3.5996227,17z/data=!3m1!4b1!4m6!3m5!1s0xd71fcbf888a7e51:0x5f50514beae9d874!8m2!3d37.1782602!4d-3.5996227!16s%2Fg%2F12m96zb2m?entry=ttu&g_ep=EgoyMDI2MDkwMi4wIKXMDSoASAFQAw%3D%3D",2048,1152
granada,Lumbre,lumbre-01.jpg,plato_estrella,carne a la brasa,google.com,"https://www.google.com/maps/place/Lumbre+-+LAS+BRASAS+DE+MOMA+-/@37.1742889,-3.5979875,17z/data=!3m1!4b1!4m6!3m5!1s0xd71fd0013a2d54d:0x1b797b220b767461!8m2!3d37.1742889!4d-3.5979875!16s%2Fg%2F11y3_h7jn4?entry=ttu&g_ep=EgoyMDI2MDkwMi4wIKXMDSoASAFQAw%3D%3D",2048,1152
granada,Lumbre,lumbre-02.jpg,plato,plato representativo,google.com,"https://www.google.com/maps/place/Lumbre+-+LAS+BRASAS+DE+MOMA+-/@37.1742889,-3.5979875,17z/data=!3m1!4b1!4m6!3m5!1s0xd71fd0013a2d54d:0x1b797b220b767461!8m2!3d37.1742889!4d-3.5979875!16s%2Fg%2F11y3_h7jn4?entry=ttu&g_ep=EgoyMDI2MDkwMi4wIKXMDSoASAFQAw%3D%3D",1152,2048
granada,Lumbre,lumbre-03.jpg,plato,plato representativo,google.com,"https://www.google.com/maps/place/Lumbre+-+LAS+BRASAS+DE+MOMA+-/@37.1742889,-3.5979875,17z/data=!3m1!4b1!4m6!3m5!1s0xd71fd0013a2d54d:0x1b797b220b767461!8m2!3d37.1742889!4d-3.5979875!16s%2Fg%2F11y3_h7jn4?entry=ttu&g_ep=EgoyMDI2MDkwMi4wIKXMDSoASAFQAw%3D%3D",1152,2048
granada,Lumbre,lumbre-04.jpg,plato,plato representativo,google.com,"https://www.google.com/maps/place/Lumbre+-+LAS+BRASAS+DE+MOMA+-/@37.1742889,-3.5979875,17z/data=!3m1!4b1!4m6!3m5!1s0xd71fd0013a2d54d:0x1b797b220b767461!8m2!3d37.1742889!4d-3.5979875!16s%2Fg%2F11y3_h7jn4?entry=ttu&g_ep=EgoyMDI2MDkwMi4wIKXMDSoASAFQAw%3D%3D",2048,1152
granada,Lumbre,lumbre-05.jpg,plato,plato representativo,google.com,"https://www.google.com/maps/place/Lumbre+-+LAS+BRASAS+DE+MOMA+-/@37.1742889,-3.5979875,17z/data=!3m1!4b1!4m6!3m5!1s0xd71fd0013a2d54d:0x1b797b220b767461!8m2!3d37.1742889!4d-3.5979875!16s%2Fg%2F11y3_h7jn4?entry=ttu&g_ep=EgoyMDI2MDkwMi4wIKXMDSoASAFQAw%3D%3D",2048,1901
granada,Lumbre,lumbre-06.jpg,plato,plato representativo,google.com,"https://www.google.com/maps/place/Lumbre+-+LAS+BRASAS+DE+MOMA+-/@37.1742889,-3.5979875,17z/data=!3m1!4b1!4m6!3m5!1s0xd71fd0013a2d54d:0x1b797b220b767461!8m2!3d37.1742889!4d-3.5979875!16s%2Fg%2F11y3_h7jn4?entry=ttu&g_ep=EgoyMDI2MDkwMi4wIKXMDSoASAFQAw%3D%3D",2048,1394
granada,Lumbre,lumbre-07.jpg,plato,plato representativo,google.com,"https://www.google.com/maps/place/Lumbre+-+LAS+BRASAS+DE+MOMA+-/@37.1742889,-3.5979875,17z/data=!3m1!4b1!4m6!3m5!1s0xd71fd0013a2d54d:0x1b797b220b767461!8m2!3d37.1742889!4d-3.5979875!16s%2Fg%2F11y3_h7jn4?entry=ttu&g_ep=EgoyMDI2MDkwMi4wIKXMDSoASAFQAw%3D%3D",2048,848
granada,Lumbre,lumbre-08.jpg,plato,plato representativo,google.com,"https://www.google.com/maps/place/Lumbre+-+LAS+BRASAS+DE+MOMA+-/@37.1742889,-3.5979875,17z/data=!3m1!4b1!4m6!3m5!1s0xd71fd0013a2d54d:0x1b797b220b767461!8m2!3d37.1742889!4d-3.5979875!16s%2Fg%2F11y3_h7jn4?entry=ttu&g_ep=EgoyMDI2MDkwMi4wIKXMDSoASAFQAw%3D%3D",1920,1080
granada,Lumbre,lumbre-09.jpg,establecimiento,"fachada, terraza o ambiente",google.com,"https://www.google.com/maps/place/Lumbre+-+LAS+BRASAS+DE+MOMA+-/@37.1742889,-3.5979875,17z/data=!3m1!4b1!4m6!3m5!1s0xd71fd0013a2d54d:0x1b797b220b767461!8m2!3d37.1742889!4d-3.5979875!16s%2Fg%2F11y3_h7jn4?entry=ttu&g_ep=EgoyMDI2MDkwMi4wIKXMDSoASAFQAw%3D%3D",1536,2048
granada,Lumbre,lumbre-10.jpg,establecimiento,"fachada, terraza o ambiente",google.com,"https://www.google.com/maps/place/Lumbre+-+LAS+BRASAS+DE+MOMA+-/@37.1742889,-3.5979875,17z/data=!3m1!4b1!4m6!3m5!1s0xd71fd0013a2d54d:0x1b797b220b767461!8m2!3d37.1742889!4d-3.5979875!16s%2Fg%2F11y3_h7jn4?entry=ttu&g_ep=EgoyMDI2MDkwMi4wIKXMDSoASAFQAw%3D%3D",1536,2048
granada,Bodegas Castaneda,bodegas-castaneda-01.jpg,plato_estrella,tabla caliente embutidos tapas,google.com,"https://www.google.com/maps/search/Bodegas+Castaneda+Granada+Espa%C3%B1a/@37.1768484,-3.5968637,17z/data=!3m1!4b1?entry=ttu&g_ep=EgoyMDI2MDkwMi4wIKXMDSoASAFQAw%3D%3D",2048,1536
granada,Bodegas Castaneda,bodegas-castaneda-02.jpg,plato,plato representativo,google.com,"https://www.google.com/maps/search/Bodegas+Castaneda+Granada+Espa%C3%B1a/@37.1768484,-3.5968637,17z/data=!3m1!4b1?entry=ttu&g_ep=EgoyMDI2MDkwMi4wIKXMDSoASAFQAw%3D%3D",1365,2048
granada,Irreverente,irreverente-01.jpg,plato_estrella,tapas cocina creativa,google.com,"https://www.google.com/maps/place/Irreverente/@37.1743827,-3.6001676,17z/data=!3m1!4b1!4m6!3m5!1s0xd71fdf217e42c9d:0x2d999447cdd6fc1!8m2!3d37.1743827!4d-3.6001676!16s%2Fg%2F11qmn49y5s?entry=ttu&g_ep=EgoyMDI2MDkwMi4wIKXMDSoASAFQAw%3D%3D",720,1280
granada,Irreverente,irreverente-02.jpg,plato,plato representativo,google.com,"https://www.google.com/maps/place/Irreverente/@37.1743827,-3.6001676,17z/data=!3m1!4b1!4m6!3m5!1s0xd71fdf217e42c9d:0x2d999447cdd6fc1!8m2!3d37.1743827!4d-3.6001676!16s%2Fg%2F11qmn49y5s?entry=ttu&g_ep=EgoyMDI2MDkwMi4wIKXMDSoASAFQAw%3D%3D",1080,1920
granada,Irreverente,irreverente-03.jpg,plato,plato representativo,google.com,"https://www.google.com/maps/place/Irreverente/@37.1743827,-3.6001676,17z/data=!3m1!4b1!4m6!3m5!1s0xd71fdf217e42c9d:0x2d999447cdd6fc1!8m2!3d37.1743827!4d-3.6001676!16s%2Fg%2F11qmn49y5s?entry=ttu&g_ep=EgoyMDI2MDkwMi4wIKXMDSoASAFQAw%3D%3D",1536,2048
granada,Irreverente,irreverente-04.jpg,plato,plato representativo,google.com,"https://www.google.com/maps/place/Irreverente/@37.1743827,-3.6001676,17z/data=!3m1!4b1!4m6!3m5!1s0xd71fdf217e42c9d:0x2d999447cdd6fc1!8m2!3d37.1743827!4d-3.6001676!16s%2Fg%2F11qmn49y5s?entry=ttu&g_ep=EgoyMDI2MDkwMi4wIKXMDSoASAFQAw%3D%3D",1536,2048
granada,Irreverente,irreverente-05.jpg,plato,plato representativo,google.com,"https://www.google.com/maps/place/Irreverente/@37.1743827,-3.6001676,17z/data=!3m1!4b1!4m6!3m5!1s0xd71fdf217e42c9d:0x2d999447cdd6fc1!8m2!3d37.1743827!4d-3.6001676!16s%2Fg%2F11qmn49y5s?entry=ttu&g_ep=EgoyMDI2MDkwMi4wIKXMDSoASAFQAw%3D%3D",2048,1536
granada,Irreverente,irreverente-06.jpg,plato,plato representativo,google.com,"https://www.google.com/maps/place/Irreverente/@37.1743827,-3.6001676,17z/data=!3m1!4b1!4m6!3m5!1s0xd71fdf217e42c9d:0x2d999447cdd6fc1!8m2!3d37.1743827!4d-3.6001676!16s%2Fg%2F11qmn49y5s?entry=ttu&g_ep=EgoyMDI2MDkwMi4wIKXMDSoASAFQAw%3D%3D",1536,2048
granada,Irreverente,irreverente-07.jpg,plato,plato representativo,google.com,"https://www.google.com/maps/place/Irreverente/@37.1743827,-3.6001676,17z/data=!3m1!4b1!4m6!3m5!1s0xd71fdf217e42c9d:0x2d999447cdd6fc1!8m2!3d37.1743827!4d-3.6001676!16s%2Fg%2F11qmn49y5s?entry=ttu&g_ep=EgoyMDI2MDkwMi4wIKXMDSoASAFQAw%3D%3D",2048,1152
granada,Irreverente,irreverente-08.jpg,plato,plato representativo,google.com,"https://www.google.com/maps/place/Irreverente/@37.1743827,-3.6001676,17z/data=!3m1!4b1!4m6!3m5!1s0xd71fdf217e42c9d:0x2d999447cdd6fc1!8m2!3d37.1743827!4d-3.6001676!16s%2Fg%2F11qmn49y5s?entry=ttu&g_ep=EgoyMDI2MDkwMi4wIKXMDSoASAFQAw%3D%3D",1080,1920
granada,Irreverente,irreverente-09.jpg,establecimiento,"fachada, terraza o ambiente",google.com,"https://www.google.com/maps/place/Irreverente/@37.1743827,-3.6001676,17z/data=!3m1!4b1!4m6!3m5!1s0xd71fdf217e42c9d:0x2d999447cdd6fc1!8m2!3d37.1743827!4d-3.6001676!16s%2Fg%2F11qmn49y5s?entry=ttu&g_ep=EgoyMDI2MDkwMi4wIKXMDSoASAFQAw%3D%3D",1170,659
granada,Irreverente,irreverente-10.jpg,establecimiento,"fachada, terraza o ambiente",google.com,"https://www.google.com/maps/place/Irreverente/@37.1743827,-3.6001676,17z/data=!3m1!4b1!4m6!3m5!1s0xd71fdf217e42c9d:0x2d999447cdd6fc1!8m2!3d37.1743827!4d-3.6001676!16s%2Fg%2F11qmn49y5s?entry=ttu&g_ep=EgoyMDI2MDkwMi4wIKXMDSoASAFQAw%3D%3D",1080,1920
granada,EntreBrasas,entrebrasas-01.jpg,plato_estrella,carne a la brasa,google.com,"https://www.google.com/maps/place/EntreBrasas/@37.1737395,-3.59846,17z/data=!3m1!4b1!4m6!3m5!1s0xd71fcbe9b117205:0x2884e1a1530ad211!8m2!3d37.1737395!4d-3.59846!16s%2Fg%2F11b7q6fkpq?entry=ttu&g_ep=EgoyMDI2MDkwMi4wIKXMDSoASAFQAw%3D%3D",1542,2048
granada,EntreBrasas,entrebrasas-02.jpg,plato,plato representativo,google.com,"https://www.google.com/maps/place/EntreBrasas/@37.1737395,-3.59846,17z/data=!3m1!4b1!4m6!3m5!1s0xd71fcbe9b117205:0x2884e1a1530ad211!8m2!3d37.1737395!4d-3.59846!16s%2Fg%2F11b7q6fkpq?entry=ttu&g_ep=EgoyMDI2MDkwMi4wIKXMDSoASAFQAw%3D%3D",1536,2048
granada,EntreBrasas,entrebrasas-03.jpg,plato,plato representativo,google.com,"https://www.google.com/maps/place/EntreBrasas/@37.1737395,-3.59846,17z/data=!3m1!4b1!4m6!3m5!1s0xd71fcbe9b117205:0x2884e1a1530ad211!8m2!3d37.1737395!4d-3.59846!16s%2Fg%2F11b7q6fkpq?entry=ttu&g_ep=EgoyMDI2MDkwMi4wIKXMDSoASAFQAw%3D%3D",1536,2048
granada,EntreBrasas,entrebrasas-04.jpg,plato,plato representativo,google.com,"https://www.google.com/maps/place/EntreBrasas/@37.1737395,-3.59846,17z/data=!3m1!4b1!4m6!3m5!1s0xd71fcbe9b117205:0x2884e1a1530ad211!8m2!3d37.1737395!4d-3.59846!16s%2Fg%2F11b7q6fkpq?entry=ttu&g_ep=EgoyMDI2MDkwMi4wIKXMDSoASAFQAw%3D%3D",1536,2048
granada,EntreBrasas,entrebrasas-05.jpg,plato,plato representativo,google.com,"https://www.google.com/maps/place/EntreBrasas/@37.1737395,-3.59846,17z/data=!3m1!4b1!4m6!3m5!1s0xd71fcbe9b117205:0x2884e1a1530ad211!8m2!3d37.1737395!4d-3.59846!16s%2Fg%2F11b7q6fkpq?entry=ttu&g_ep=EgoyMDI2MDkwMi4wIKXMDSoASAFQAw%3D%3D",1536,2048
granada,EntreBrasas,entrebrasas-06.jpg,plato,plato representativo,google.com,"https://www.google.com/maps/place/EntreBrasas/@37.1737395,-3.59846,17z/data=!3m1!4b1!4m6!3m5!1s0xd71fcbe9b117205:0x2884e1a1530ad211!8m2!3d37.1737395!4d-3.59846!16s%2Fg%2F11b7q6fkpq?entry=ttu&g_ep=EgoyMDI2MDkwMi4wIKXMDSoASAFQAw%3D%3D",2048,1152
granada,EntreBrasas,entrebrasas-07.jpg,plato,plato representativo,google.com,"https://www.google.com/maps/place/EntreBrasas/@37.1737395,-3.59846,17z/data=!3m1!4b1!4m6!3m5!1s0xd71fcbe9b117205:0x2884e1a1530ad211!8m2!3d37.1737395!4d-3.59846!16s%2Fg%2F11b7q6fkpq?entry=ttu&g_ep=EgoyMDI2MDkwMi4wIKXMDSoASAFQAw%3D%3D",1536,2048
granada,EntreBrasas,entrebrasas-08.jpg,plato,plato representativo,google.com,"https://www.google.com/maps/place/EntreBrasas/@37.1737395,-3.59846,17z/data=!3m1!4b1!4m6!3m5!1s0xd71fcbe9b117205:0x2884e1a1530ad211!8m2!3d37.1737395!4d-3.59846!16s%2Fg%2F11b7q6fkpq?entry=ttu&g_ep=EgoyMDI2MDkwMi4wIKXMDSoASAFQAw%3D%3D",1536,2048
granada,EntreBrasas,entrebrasas-09.jpg,establecimiento,"fachada, terraza o ambiente",google.com,"https://www.google.com/maps/place/EntreBrasas/@37.1737395,-3.59846,17z/data=!3m1!4b1!4m6!3m5!1s0xd71fcbe9b117205:0x2884e1a1530ad211!8m2!3d37.1737395!4d-3.59846!16s%2Fg%2F11b7q6fkpq?entry=ttu&g_ep=EgoyMDI2MDkwMi4wIKXMDSoASAFQAw%3D%3D",1152,2048
granada,EntreBrasas,entrebrasas-10.jpg,establecimiento,"fachada, terraza o ambiente",google.com,"https://www.google.com/maps/place/EntreBrasas/@37.1737395,-3.59846,17z/data=!3m1!4b1!4m6!3m5!1s0xd71fcbe9b117205:0x2884e1a1530ad211!8m2!3d37.1737395!4d-3.59846!16s%2Fg%2F11b7q6fkpq?entry=ttu&g_ep=EgoyMDI2MDkwMi4wIKXMDSoASAFQAw%3D%3D",2048,1536
granada,Rosario Varela,rosario-varela-01.jpg,plato_estrella,tapas bao cocina fusion,google.com,"https://www.google.com/maps/place/Rosario+Varela/@37.1729157,-3.5963682,17z/data=!3m1!4b1!4m6!3m5!1s0xd71fcbbff242b3b:0xb55fa67afb9ea6cc!8m2!3d37.1729157!4d-3.5963682!16s%2Fg%2F11bzyp9cqj?entry=ttu&g_ep=EgoyMDI2MDkwMi4wIKXMDSoASAFQAw%3D%3D",2048,1542
granada,Rosario Varela,rosario-varela-02.jpg,plato,plato representativo,google.com,"https://www.google.com/maps/place/Rosario+Varela/@37.1729157,-3.5963682,17z/data=!3m1!4b1!4m6!3m5!1s0xd71fcbbff242b3b:0xb55fa67afb9ea6cc!8m2!3d37.1729157!4d-3.5963682!16s%2Fg%2F11bzyp9cqj?entry=ttu&g_ep=EgoyMDI2MDkwMi4wIKXMDSoASAFQAw%3D%3D",1536,2048
granada,Rosario Varela,rosario-varela-03.jpg,plato,plato representativo,google.com,"https://www.google.com/maps/place/Rosario+Varela/@37.1729157,-3.5963682,17z/data=!3m1!4b1!4m6!3m5!1s0xd71fcbbff242b3b:0xb55fa67afb9ea6cc!8m2!3d37.1729157!4d-3.5963682!16s%2Fg%2F11bzyp9cqj?entry=ttu&g_ep=EgoyMDI2MDkwMi4wIKXMDSoASAFQAw%3D%3D",1536,2048
granada,Rosario Varela,rosario-varela-04.jpg,plato,plato representativo,google.com,"https://www.google.com/maps/place/Rosario+Varela/@37.1729157,-3.5963682,17z/data=!3m1!4b1!4m6!3m5!1s0xd71fcbbff242b3b:0xb55fa67afb9ea6cc!8m2!3d37.1729157!4d-3.5963682!16s%2Fg%2F11bzyp9cqj?entry=ttu&g_ep=EgoyMDI2MDkwMi4wIKXMDSoASAFQAw%3D%3D",2048,1536
granada,Rosario Varela,rosario-varela-05.jpg,plato,plato representativo,google.com,"https://www.google.com/maps/place/Rosario+Varela/@37.1729157,-3.5963682,17z/data=!3m1!4b1!4m6!3m5!1s0xd71fcbbff242b3b:0xb55fa67afb9ea6cc!8m2!3d37.1729157!4d-3.5963682!16s%2Fg%2F11bzyp9cqj?entry=ttu&g_ep=EgoyMDI2MDkwMi4wIKXMDSoASAFQAw%3D%3D",2048,1536
granada,Rosario Varela,rosario-varela-06.jpg,plato,plato representativo,google.com,"https://www.google.com/maps/place/Rosario+Varela/@37.1729157,-3.5963682,17z/data=!3m1!4b1!4m6!3m5!1s0xd71fcbbff242b3b:0xb55fa67afb9ea6cc!8m2!3d37.1729157!4d-3.5963682!16s%2Fg%2F11bzyp9cqj?entry=ttu&g_ep=EgoyMDI2MDkwMi4wIKXMDSoASAFQAw%3D%3D",921,2048
granada,Rosario Varela,rosario-varela-07.jpg,plato,plato representativo,google.com,"https://www.google.com/maps/place/Rosario+Varela/@37.1729157,-3.5963682,17z/data=!3m1!4b1!4m6!3m5!1s0xd71fcbbff242b3b:0xb55fa67afb9ea6cc!8m2!3d37.1729157!4d-3.5963682!16s%2Fg%2F11bzyp9cqj?entry=ttu&g_ep=EgoyMDI2MDkwMi4wIKXMDSoASAFQAw%3D%3D",2048,1536
granada,Rosario Varela,rosario-varela-08.jpg,plato,plato representativo,google.com,"https://www.google.com/maps/place/Rosario+Varela/@37.1729157,-3.5963682,17z/data=!3m1!4b1!4m6!3m5!1s0xd71fcbbff242b3b:0xb55fa67afb9ea6cc!8m2!3d37.1729157!4d-3.5963682!16s%2Fg%2F11bzyp9cqj?entry=ttu&g_ep=EgoyMDI2MDkwMi4wIKXMDSoASAFQAw%3D%3D",1536,2048
granada,Rosario Varela,rosario-varela-09.jpg,establecimiento,"fachada, terraza o ambiente",google.com,"https://www.google.com/maps/place/Rosario+Varela/@37.1729157,-3.5963682,17z/data=!3m1!4b1!4m6!3m5!1s0xd71fcbbff242b3b:0xb55fa67afb9ea6cc!8m2!3d37.1729157!4d-3.5963682!16s%2Fg%2F11bzyp9cqj?entry=ttu&g_ep=EgoyMDI2MDkwMi4wIKXMDSoASAFQAw%3D%3D",2048,1536
granada,Rosario Varela,rosario-varela-10.jpg,establecimiento,"fachada, terraza o ambiente",google.com,"https://www.google.com/maps/place/Rosario+Varela/@37.1729157,-3.5963682,17z/data=!3m1!4b1!4m6!3m5!1s0xd71fcbbff242b3b:0xb55fa67afb9ea6cc!8m2!3d37.1729157!4d-3.5963682!16s%2Fg%2F11bzyp9cqj?entry=ttu&g_ep=EgoyMDI2MDkwMi4wIKXMDSoASAFQAw%3D%3D",1920,1080
granada,Bar Patio Braserito,bar-patio-braserito-01.jpg,plato_estrella,carne a la brasa tapas,google.com,"https://www.google.com/maps/place/Bar+Patio+Braserito/@37.1729602,-3.5965505,17z/data=!3m1!4b1!4m6!3m5!1s0xd71fcbc00c64079:0xd815f1e903158a4b!8m2!3d37.1729602!4d-3.5965505!16s%2Fg%2F1q5bn5v_d?entry=ttu&g_ep=EgoyMDI2MDkwMi4wIKXMDSoASAFQAw%3D%3D",1080,1443
granada,Bar Patio Braserito,bar-patio-braserito-02.jpg,plato,plato representativo,google.com,"https://www.google.com/maps/place/Bar+Patio+Braserito/@37.1729602,-3.5965505,17z/data=!3m1!4b1!4m6!3m5!1s0xd71fcbc00c64079:0xd815f1e903158a4b!8m2!3d37.1729602!4d-3.5965505!16s%2Fg%2F1q5bn5v_d?entry=ttu&g_ep=EgoyMDI2MDkwMi4wIKXMDSoASAFQAw%3D%3D",720,1280
granada,Bar Patio Braserito,bar-patio-braserito-03.jpg,plato,plato representativo,google.com,"https://www.google.com/maps/place/Bar+Patio+Braserito/@37.1729602,-3.5965505,17z/data=!3m1!4b1!4m6!3m5!1s0xd71fcbc00c64079:0xd815f1e903158a4b!8m2!3d37.1729602!4d-3.5965505!16s%2Fg%2F1q5bn5v_d?entry=ttu&g_ep=EgoyMDI2MDkwMi4wIKXMDSoASAFQAw%3D%3D",2048,1542
granada,Bar Patio Braserito,bar-patio-braserito-04.jpg,plato,plato representativo,google.com,"https://www.google.com/maps/place/Bar+Patio+Braserito/@37.1729602,-3.5965505,17z/data=!3m1!4b1!4m6!3m5!1s0xd71fcbc00c64079:0xd815f1e903158a4b!8m2!3d37.1729602!4d-3.5965505!16s%2Fg%2F1q5bn5v_d?entry=ttu&g_ep=EgoyMDI2MDkwMi4wIKXMDSoASAFQAw%3D%3D",2048,1152
granada,Bar Patio Braserito,bar-patio-braserito-05.jpg,plato,plato representativo,google.com,"https://www.google.com/maps/place/Bar+Patio+Braserito/@37.1729602,-3.5965505,17z/data=!3m1!4b1!4m6!3m5!1s0xd71fcbc00c64079:0xd815f1e903158a4b!8m2!3d37.1729602!4d-3.5965505!16s%2Fg%2F1q5bn5v_d?entry=ttu&g_ep=EgoyMDI2MDkwMi4wIKXMDSoASAFQAw%3D%3D",1536,2048
granada,Bar Patio Braserito,bar-patio-braserito-06.jpg,plato,plato representativo,google.com,"https://www.google.com/maps/place/Bar+Patio+Braserito/@37.1729602,-3.5965505,17z/data=!3m1!4b1!4m6!3m5!1s0xd71fcbc00c64079:0xd815f1e903158a4b!8m2!3d37.1729602!4d-3.5965505!16s%2Fg%2F1q5bn5v_d?entry=ttu&g_ep=EgoyMDI2MDkwMi4wIKXMDSoASAFQAw%3D%3D",2048,1536
granada,Bar Patio Braserito,bar-patio-braserito-07.jpg,plato,plato representativo,google.com,"https://www.google.com/maps/place/Bar+Patio+Braserito/@37.1729602,-3.5965505,17z/data=!3m1!4b1!4m6!3m5!1s0xd71fcbc00c64079:0xd815f1e903158a4b!8m2!3d37.1729602!4d-3.5965505!16s%2Fg%2F1q5bn5v_d?entry=ttu&g_ep=EgoyMDI2MDkwMi4wIKXMDSoASAFQAw%3D%3D",1536,2048
granada,Bar Patio Braserito,bar-patio-braserito-08.jpg,plato,plato representativo,google.com,"https://www.google.com/maps/place/Bar+Patio+Braserito/@37.1729602,-3.5965505,17z/data=!3m1!4b1!4m6!3m5!1s0xd71fcbc00c64079:0xd815f1e903158a4b!8m2!3d37.1729602!4d-3.5965505!16s%2Fg%2F1q5bn5v_d?entry=ttu&g_ep=EgoyMDI2MDkwMi4wIKXMDSoASAFQAw%3D%3D",2048,1536
granada,Bar Patio Braserito,bar-patio-braserito-09.jpg,establecimiento,"fachada, terraza o ambiente",google.com,"https://www.google.com/maps/place/Bar+Patio+Braserito/@37.1729602,-3.5965505,17z/data=!3m1!4b1!4m6!3m5!1s0xd71fcbc00c64079:0xd815f1e903158a4b!8m2!3d37.1729602!4d-3.5965505!16s%2Fg%2F1q5bn5v_d?entry=ttu&g_ep=EgoyMDI2MDkwMi4wIKXMDSoASAFQAw%3D%3D",1170,1560
granada,Bar Patio Braserito,bar-patio-braserito-10.jpg,establecimiento,"fachada, terraza o ambiente",google.com,"https://www.google.com/maps/place/Bar+Patio+Braserito/@37.1729602,-3.5965505,17z/data=!3m1!4b1!4m6!3m5!1s0xd71fcbc00c64079:0xd815f1e903158a4b!8m2!3d37.1729602!4d-3.5965505!16s%2Fg%2F1q5bn5v_d?entry=ttu&g_ep=EgoyMDI2MDkwMi4wIKXMDSoASAFQAw%3D%3D",1638,2048
granada,Bar Avila,bar-avila-01.jpg,plato_estrella,jamon asado tapa,google.com,"https://www.google.com/maps/place/Bar+%C3%81vila+Tapas/@37.1700083,-3.5990722,17z/data=!3m1!4b1!4m6!3m5!1s0xd71fcbd02551efd:0x6b4d4866896818d1!8m2!3d37.1700083!4d-3.5990722!16s%2Fg%2F113hc6ksy?entry=ttu&g_ep=EgoyMDI2MDkwMi4wIKXMDSoASAFQAw%3D%3D",1152,2048
granada,Bar Avila,bar-avila-02.jpg,plato,plato representativo,google.com,"https://www.google.com/maps/place/Bar+%C3%81vila+Tapas/@37.1700083,-3.5990722,17z/data=!3m1!4b1!4m6!3m5!1s0xd71fcbd02551efd:0x6b4d4866896818d1!8m2!3d37.1700083!4d-3.5990722!16s%2Fg%2F113hc6ksy?entry=ttu&g_ep=EgoyMDI2MDkwMi4wIKXMDSoASAFQAw%3D%3D",1152,2048
granada,Bar Avila,bar-avila-03.jpg,plato,plato representativo,google.com,"https://www.google.com/maps/place/Bar+%C3%81vila+Tapas/@37.1700083,-3.5990722,17z/data=!3m1!4b1!4m6!3m5!1s0xd71fcbd02551efd:0x6b4d4866896818d1!8m2!3d37.1700083!4d-3.5990722!16s%2Fg%2F113hc6ksy?entry=ttu&g_ep=EgoyMDI2MDkwMi4wIKXMDSoASAFQAw%3D%3D",1080,1920
granada,Bar Avila,bar-avila-04.jpg,plato,plato representativo,google.com,"https://www.google.com/maps/place/Bar+%C3%81vila+Tapas/@37.1700083,-3.5990722,17z/data=!3m1!4b1!4m6!3m5!1s0xd71fcbd02551efd:0x6b4d4866896818d1!8m2!3d37.1700083!4d-3.5990722!16s%2Fg%2F113hc6ksy?entry=ttu&g_ep=EgoyMDI2MDkwMi4wIKXMDSoASAFQAw%3D%3D",1080,1920
granada,Bar Avila,bar-avila-05.jpg,plato,plato representativo,google.com,"https://www.google.com/maps/place/Bar+%C3%81vila+Tapas/@37.1700083,-3.5990722,17z/data=!3m1!4b1!4m6!3m5!1s0xd71fcbd02551efd:0x6b4d4866896818d1!8m2!3d37.1700083!4d-3.5990722!16s%2Fg%2F113hc6ksy?entry=ttu&g_ep=EgoyMDI2MDkwMi4wIKXMDSoASAFQAw%3D%3D",1536,2048
granada,Bar Avila,bar-avila-06.jpg,plato,plato representativo,google.com,"https://www.google.com/maps/place/Bar+%C3%81vila+Tapas/@37.1700083,-3.5990722,17z/data=!3m1!4b1!4m6!3m5!1s0xd71fcbd02551efd:0x6b4d4866896818d1!8m2!3d37.1700083!4d-3.5990722!16s%2Fg%2F113hc6ksy?entry=ttu&g_ep=EgoyMDI2MDkwMi4wIKXMDSoASAFQAw%3D%3D",1536,2048
granada,Bar Avila,bar-avila-07.jpg,plato,plato representativo,google.com,"https://www.google.com/maps/place/Bar+%C3%81vila+Tapas/@37.1700083,-3.5990722,17z/data=!3m1!4b1!4m6!3m5!1s0xd71fcbd02551efd:0x6b4d4866896818d1!8m2!3d37.1700083!4d-3.5990722!16s%2Fg%2F113hc6ksy?entry=ttu&g_ep=EgoyMDI2MDkwMi4wIKXMDSoASAFQAw%3D%3D",1536,2048
granada,Bar Avila,bar-avila-08.jpg,plato,plato representativo,google.com,"https://www.google.com/maps/place/Bar+%C3%81vila+Tapas/@37.1700083,-3.5990722,17z/data=!3m1!4b1!4m6!3m5!1s0xd71fcbd02551efd:0x6b4d4866896818d1!8m2!3d37.1700083!4d-3.5990722!16s%2Fg%2F113hc6ksy?entry=ttu&g_ep=EgoyMDI2MDkwMi4wIKXMDSoASAFQAw%3D%3D",1536,2048
granada,Bar Avila,bar-avila-09.jpg,establecimiento,"fachada, terraza o ambiente",google.com,"https://www.google.com/maps/place/Bar+%C3%81vila+Tapas/@37.1700083,-3.5990722,17z/data=!3m1!4b1!4m6!3m5!1s0xd71fcbd02551efd:0x6b4d4866896818d1!8m2!3d37.1700083!4d-3.5990722!16s%2Fg%2F113hc6ksy?entry=ttu&g_ep=EgoyMDI2MDkwMi4wIKXMDSoASAFQAw%3D%3D",1365,2048
granada,Bar Avila,bar-avila-10.jpg,establecimiento,"fachada, terraza o ambiente",google.com,"https://www.google.com/maps/place/Bar+%C3%81vila+Tapas/@37.1700083,-3.5990722,17z/data=!3m1!4b1!4m6!3m5!1s0xd71fcbd02551efd:0x6b4d4866896818d1!8m2!3d37.1700083!4d-3.5990722!16s%2Fg%2F113hc6ksy?entry=ttu&g_ep=EgoyMDI2MDkwMi4wIKXMDSoASAFQAw%3D%3D",1152,2048
granada,Bar Provincias,bar-provincias-01.jpg,plato_estrella,pescado frito tapas,google.com,"https://www.google.com/maps/place/Bar+Provincias/@37.1756944,-3.6002648,17z/data=!3m1!4b1!4m6!3m5!1s0xd71fcbe357110d7:0xe30199c86167404e!8m2!3d37.1756944!4d-3.6002648!16s%2Fg%2F11cm0pyx0x?entry=ttu&g_ep=EgoyMDI2MDkwMi4wIKXMDSoASAFQAw%3D%3D",1536,2048
granada,Bar Provincias,bar-provincias-02.jpg,plato,plato representativo,google.com,"https://www.google.com/maps/place/Bar+Provincias/@37.1756944,-3.6002648,17z/data=!3m1!4b1!4m6!3m5!1s0xd71fcbe357110d7:0xe30199c86167404e!8m2!3d37.1756944!4d-3.6002648!16s%2Fg%2F11cm0pyx0x?entry=ttu&g_ep=EgoyMDI2MDkwMi4wIKXMDSoASAFQAw%3D%3D",1536,2048
granada,Bar Provincias,bar-provincias-03.jpg,plato,plato representativo,google.com,"https://www.google.com/maps/place/Bar+Provincias/@37.1756944,-3.6002648,17z/data=!3m1!4b1!4m6!3m5!1s0xd71fcbe357110d7:0xe30199c86167404e!8m2!3d37.1756944!4d-3.6002648!16s%2Fg%2F11cm0pyx0x?entry=ttu&g_ep=EgoyMDI2MDkwMi4wIKXMDSoASAFQAw%3D%3D",2048,946
granada,Bar Provincias,bar-provincias-04.jpg,plato,plato representativo,google.com,"https://www.google.com/maps/place/Bar+Provincias/@37.1756944,-3.6002648,17z/data=!3m1!4b1!4m6!3m5!1s0xd71fcbe357110d7:0xe30199c86167404e!8m2!3d37.1756944!4d-3.6002648!16s%2Fg%2F11cm0pyx0x?entry=ttu&g_ep=EgoyMDI2MDkwMi4wIKXMDSoASAFQAw%3D%3D",2048,1152
granada,Bar Provincias,bar-provincias-05.jpg,plato,plato representativo,google.com,"https://www.google.com/maps/place/Bar+Provincias/@37.1756944,-3.6002648,17z/data=!3m1!4b1!4m6!3m5!1s0xd71fcbe357110d7:0xe30199c86167404e!8m2!3d37.1756944!4d-3.6002648!16s%2Fg%2F11cm0pyx0x?entry=ttu&g_ep=EgoyMDI2MDkwMi4wIKXMDSoASAFQAw%3D%3D",2048,1536
granada,Bar Provincias,bar-provincias-06.jpg,plato,plato representativo,google.com,"https://www.google.com/maps/place/Bar+Provincias/@37.1756944,-3.6002648,17z/data=!3m1!4b1!4m6!3m5!1s0xd71fcbe357110d7:0xe30199c86167404e!8m2!3d37.1756944!4d-3.6002648!16s%2Fg%2F11cm0pyx0x?entry=ttu&g_ep=EgoyMDI2MDkwMi4wIKXMDSoASAFQAw%3D%3D",1536,2048
granada,Bar Provincias,bar-provincias-07.jpg,plato,plato representativo,google.com,"https://www.google.com/maps/place/Bar+Provincias/@37.1756944,-3.6002648,17z/data=!3m1!4b1!4m6!3m5!1s0xd71fcbe357110d7:0xe30199c86167404e!8m2!3d37.1756944!4d-3.6002648!16s%2Fg%2F11cm0pyx0x?entry=ttu&g_ep=EgoyMDI2MDkwMi4wIKXMDSoASAFQAw%3D%3D",2048,996
granada,Bar Provincias,bar-provincias-08.jpg,plato,plato representativo,google.com,"https://www.google.com/maps/place/Bar+Provincias/@37.1756944,-3.6002648,17z/data=!3m1!4b1!4m6!3m5!1s0xd71fcbe357110d7:0xe30199c86167404e!8m2!3d37.1756944!4d-3.6002648!16s%2Fg%2F11cm0pyx0x?entry=ttu&g_ep=EgoyMDI2MDkwMi4wIKXMDSoASAFQAw%3D%3D",1536,2048
granada,Bar Provincias,bar-provincias-09.jpg,establecimiento,"fachada, terraza o ambiente",google.com,"https://www.google.com/maps/place/Bar+Provincias/@37.1756944,-3.6002648,17z/data=!3m1!4b1!4m6!3m5!1s0xd71fcbe357110d7:0xe30199c86167404e!8m2!3d37.1756944!4d-3.6002648!16s%2Fg%2F11cm0pyx0x?entry=ttu&g_ep=EgoyMDI2MDkwMi4wIKXMDSoASAFQAw%3D%3D",2048,1536
granada,Bar Provincias,bar-provincias-10.jpg,establecimiento,"fachada, terraza o ambiente",google.com,"https://www.google.com/maps/place/Bar+Provincias/@37.1756944,-3.6002648,17z/data=!3m1!4b1!4m6!3m5!1s0xd71fcbe357110d7:0xe30199c86167404e!8m2!3d37.1756944!4d-3.6002648!16s%2Fg%2F11cm0pyx0x?entry=ttu&g_ep=EgoyMDI2MDkwMi4wIKXMDSoASAFQAw%3D%3D",1920,1080
granada,La Sitarilla,la-sitarilla-01.jpg,plato_estrella,tapas granadinas,google.com,"https://www.google.com/maps/place/La+Sitarilla/@37.1733801,-3.6035599,17z/data=!3m1!4b1!4m6!3m5!1s0xd71fc95d0cd5383:0xea7435d5d41bf183!8m2!3d37.1733801!4d-3.6035599!16s%2Fg%2F1x5fcqcl?entry=ttu&g_ep=EgoyMDI2MDkwMi4wIKXMDSoASAFQAw%3D%3D",2048,1536
granada,La Sitarilla,la-sitarilla-02.jpg,plato,plato representativo,google.com,"https://www.google.com/maps/place/La+Sitarilla/@37.1733801,-3.6035599,17z/data=!3m1!4b1!4m6!3m5!1s0xd71fc95d0cd5383:0xea7435d5d41bf183!8m2!3d37.1733801!4d-3.6035599!16s%2Fg%2F1x5fcqcl?entry=ttu&g_ep=EgoyMDI2MDkwMi4wIKXMDSoASAFQAw%3D%3D",1080,1920
granada,La Sitarilla,la-sitarilla-03.jpg,plato,plato representativo,google.com,"https://www.google.com/maps/place/La+Sitarilla/@37.1733801,-3.6035599,17z/data=!3m1!4b1!4m6!3m5!1s0xd71fc95d0cd5383:0xea7435d5d41bf183!8m2!3d37.1733801!4d-3.6035599!16s%2Fg%2F1x5fcqcl?entry=ttu&g_ep=EgoyMDI2MDkwMi4wIKXMDSoASAFQAw%3D%3D",2048,1536
granada,La Sitarilla,la-sitarilla-04.jpg,plato,plato representativo,google.com,"https://www.google.com/maps/place/La+Sitarilla/@37.1733801,-3.6035599,17z/data=!3m1!4b1!4m6!3m5!1s0xd71fc95d0cd5383:0xea7435d5d41bf183!8m2!3d37.1733801!4d-3.6035599!16s%2Fg%2F1x5fcqcl?entry=ttu&g_ep=EgoyMDI2MDkwMi4wIKXMDSoASAFQAw%3D%3D",1536,2048
granada,La Sitarilla,la-sitarilla-05.jpg,plato,plato representativo,google.com,"https://www.google.com/maps/place/La+Sitarilla/@37.1733801,-3.6035599,17z/data=!3m1!4b1!4m6!3m5!1s0xd71fc95d0cd5383:0xea7435d5d41bf183!8m2!3d37.1733801!4d-3.6035599!16s%2Fg%2F1x5fcqcl?entry=ttu&g_ep=EgoyMDI2MDkwMi4wIKXMDSoASAFQAw%3D%3D",1536,2048
granada,La Sitarilla,la-sitarilla-06.jpg,plato,plato representativo,google.com,"https://www.google.com/maps/place/La+Sitarilla/@37.1733801,-3.6035599,17z/data=!3m1!4b1!4m6!3m5!1s0xd71fc95d0cd5383:0xea7435d5d41bf183!8m2!3d37.1733801!4d-3.6035599!16s%2Fg%2F1x5fcqcl?entry=ttu&g_ep=EgoyMDI2MDkwMi4wIKXMDSoASAFQAw%3D%3D",1536,2048
granada,La Sitarilla,la-sitarilla-07.jpg,plato,plato representativo,google.com,"https://www.google.com/maps/place/La+Sitarilla/@37.1733801,-3.6035599,17z/data=!3m1!4b1!4m6!3m5!1s0xd71fc95d0cd5383:0xea7435d5d41bf183!8m2!3d37.1733801!4d-3.6035599!16s%2Fg%2F1x5fcqcl?entry=ttu&g_ep=EgoyMDI2MDkwMi4wIKXMDSoASAFQAw%3D%3D",1348,1258
granada,La Sitarilla,la-sitarilla-08.jpg,plato,plato representativo,google.com,"https://www.google.com/maps/place/La+Sitarilla/@37.1733801,-3.6035599,17z/data=!3m1!4b1!4m6!3m5!1s0xd71fc95d0cd5383:0xea7435d5d41bf183!8m2!3d37.1733801!4d-3.6035599!16s%2Fg%2F1x5fcqcl?entry=ttu&g_ep=EgoyMDI2MDkwMi4wIKXMDSoASAFQAw%3D%3D",1920,1080
granada,La Sitarilla,la-sitarilla-09.jpg,establecimiento,"fachada, terraza o ambiente",google.com,"https://www.google.com/maps/place/La+Sitarilla/@37.1733801,-3.6035599,17z/data=!3m1!4b1!4m6!3m5!1s0xd71fc95d0cd5383:0xea7435d5d41bf183!8m2!3d37.1733801!4d-3.6035599!16s%2Fg%2F1x5fcqcl?entry=ttu&g_ep=EgoyMDI2MDkwMi4wIKXMDSoASAFQAw%3D%3D",1536,2048
granada,La Sitarilla,la-sitarilla-10.jpg,establecimiento,"fachada, terraza o ambiente",google.com,"https://www.google.com/maps/place/La+Sitarilla/@37.1733801,-3.6035599,17z/data=!3m1!4b1!4m6!3m5!1s0xd71fc95d0cd5383:0xea7435d5d41bf183!8m2!3d37.1733801!4d-3.6035599!16s%2Fg%2F1x5fcqcl?entry=ttu&g_ep=EgoyMDI2MDkwMi4wIKXMDSoASAFQAw%3D%3D",1920,1080
granada,El Rincon de Rodri,el-rincon-de-rodri-01.jpg,plato_estrella,pescado frito marisco,google.com,"https://www.google.com/maps/place/Rinc%C3%B3n+de+Rodri/@37.1724472,-3.605402,17z/data=!3m1!4b1!4m6!3m5!1s0xd71fc96a307d981:0x8a132861e5bb3cfa!8m2!3d37.1724472!4d-3.605402!16s%2Fg%2F1tcy5nm8?entry=ttu&g_ep=EgoyMDI2MDkwMi4wIKXMDSoASAFQAw%3D%3D",1024,576
granada,El Rincon de Rodri,el-rincon-de-rodri-02.jpg,plato,plato representativo,google.com,"https://www.google.com/maps/place/Rinc%C3%B3n+de+Rodri/@37.1724472,-3.605402,17z/data=!3m1!4b1!4m6!3m5!1s0xd71fc96a307d981:0x8a132861e5bb3cfa!8m2!3d37.1724472!4d-3.605402!16s%2Fg%2F1tcy5nm8?entry=ttu&g_ep=EgoyMDI2MDkwMi4wIKXMDSoASAFQAw%3D%3D",1080,1920
granada,El Rincon de Rodri,el-rincon-de-rodri-03.jpg,plato,plato representativo,google.com,"https://www.google.com/maps/place/Rinc%C3%B3n+de+Rodri/@37.1724472,-3.605402,17z/data=!3m1!4b1!4m6!3m5!1s0xd71fc96a307d981:0x8a132861e5bb3cfa!8m2!3d37.1724472!4d-3.605402!16s%2Fg%2F1tcy5nm8?entry=ttu&g_ep=EgoyMDI2MDkwMi4wIKXMDSoASAFQAw%3D%3D",1536,2048
granada,El Rincon de Rodri,el-rincon-de-rodri-04.jpg,plato,plato representativo,google.com,"https://www.google.com/maps/place/Rinc%C3%B3n+de+Rodri/@37.1724472,-3.605402,17z/data=!3m1!4b1!4m6!3m5!1s0xd71fc96a307d981:0x8a132861e5bb3cfa!8m2!3d37.1724472!4d-3.605402!16s%2Fg%2F1tcy5nm8?entry=ttu&g_ep=EgoyMDI2MDkwMi4wIKXMDSoASAFQAw%3D%3D",2048,1536
granada,El Rincon de Rodri,el-rincon-de-rodri-05.jpg,plato,plato representativo,google.com,"https://www.google.com/maps/place/Rinc%C3%B3n+de+Rodri/@37.1724472,-3.605402,17z/data=!3m1!4b1!4m6!3m5!1s0xd71fc96a307d981:0x8a132861e5bb3cfa!8m2!3d37.1724472!4d-3.605402!16s%2Fg%2F1tcy5nm8?entry=ttu&g_ep=EgoyMDI2MDkwMi4wIKXMDSoASAFQAw%3D%3D",2048,1536
granada,El Rincon de Rodri,el-rincon-de-rodri-06.jpg,plato,plato representativo,google.com,"https://www.google.com/maps/place/Rinc%C3%B3n+de+Rodri/@37.1724472,-3.605402,17z/data=!3m1!4b1!4m6!3m5!1s0xd71fc96a307d981:0x8a132861e5bb3cfa!8m2!3d37.1724472!4d-3.605402!16s%2Fg%2F1tcy5nm8?entry=ttu&g_ep=EgoyMDI2MDkwMi4wIKXMDSoASAFQAw%3D%3D",1536,2048
granada,El Rincon de Rodri,el-rincon-de-rodri-07.jpg,plato,plato representativo,google.com,"https://www.google.com/maps/place/Rinc%C3%B3n+de+Rodri/@37.1724472,-3.605402,17z/data=!3m1!4b1!4m6!3m5!1s0xd71fc96a307d981:0x8a132861e5bb3cfa!8m2!3d37.1724472!4d-3.605402!16s%2Fg%2F1tcy5nm8?entry=ttu&g_ep=EgoyMDI2MDkwMi4wIKXMDSoASAFQAw%3D%3D",1536,2048
granada,El Rincon de Rodri,el-rincon-de-rodri-08.jpg,plato,plato representativo,google.com,"https://www.google.com/maps/place/Rinc%C3%B3n+de+Rodri/@37.1724472,-3.605402,17z/data=!3m1!4b1!4m6!3m5!1s0xd71fc96a307d981:0x8a132861e5bb3cfa!8m2!3d37.1724472!4d-3.605402!16s%2Fg%2F1tcy5nm8?entry=ttu&g_ep=EgoyMDI2MDkwMi4wIKXMDSoASAFQAw%3D%3D",1920,1080
granada,El Rincon de Rodri,el-rincon-de-rodri-09.jpg,establecimiento,"fachada, terraza o ambiente",google.com,"https://www.google.com/maps/place/Rinc%C3%B3n+de+Rodri/@37.1724472,-3.605402,17z/data=!3m1!4b1!4m6!3m5!1s0xd71fc96a307d981:0x8a132861e5bb3cfa!8m2!3d37.1724472!4d-3.605402!16s%2Fg%2F1tcy5nm8?entry=ttu&g_ep=EgoyMDI2MDkwMi4wIKXMDSoASAFQAw%3D%3D",1600,900
granada,El Rincon de Rodri,el-rincon-de-rodri-10.jpg,establecimiento,"fachada, terraza o ambiente",google.com,"https://www.google.com/maps/place/Rinc%C3%B3n+de+Rodri/@37.1724472,-3.605402,17z/data=!3m1!4b1!4m6!3m5!1s0xd71fc96a307d981:0x8a132861e5bb3cfa!8m2!3d37.1724472!4d-3.605402!16s%2Fg%2F1tcy5nm8?entry=ttu&g_ep=EgoyMDI2MDkwMi4wIKXMDSoASAFQAw%3D%3D",1280,720
granada,Poetas Andaluces II,poetas-andaluces-ii-01.jpg,plato_estrella,tapas carne en salsa,google.com,"https://www.google.com/maps/place/Poetas+Andaluces/@37.1730764,-3.6066211,17z/data=!3m1!4b1!4m6!3m5!1s0xd71fc93efe186f5:0xa540d778c4fd3451!8m2!3d37.1730764!4d-3.6066211!16s%2Fg%2F12hk2n_x1?entry=ttu&g_ep=EgoyMDI2MDkwMi4wIKXMDSoASAFQAw%3D%3D",2048,1536
granada,Poetas Andaluces II,poetas-andaluces-ii-02.jpg,plato,plato representativo,google.com,"https://www.google.com/maps/place/Poetas+Andaluces/@37.1730764,-3.6066211,17z/data=!3m1!4b1!4m6!3m5!1s0xd71fc93efe186f5:0xa540d778c4fd3451!8m2!3d37.1730764!4d-3.6066211!16s%2Fg%2F12hk2n_x1?entry=ttu&g_ep=EgoyMDI2MDkwMi4wIKXMDSoASAFQAw%3D%3D",2000,1500
granada,Poetas Andaluces II,poetas-andaluces-ii-03.jpg,plato,plato representativo,google.com,"https://www.google.com/maps/place/Poetas+Andaluces/@37.1730764,-3.6066211,17z/data=!3m1!4b1!4m6!3m5!1s0xd71fc93efe186f5:0xa540d778c4fd3451!8m2!3d37.1730764!4d-3.6066211!16s%2Fg%2F12hk2n_x1?entry=ttu&g_ep=EgoyMDI2MDkwMi4wIKXMDSoASAFQAw%3D%3D",1536,2048
granada,Poetas Andaluces II,poetas-andaluces-ii-04.jpg,plato,plato representativo,google.com,"https://www.google.com/maps/place/Poetas+Andaluces/@37.1730764,-3.6066211,17z/data=!3m1!4b1!4m6!3m5!1s0xd71fc93efe186f5:0xa540d778c4fd3451!8m2!3d37.1730764!4d-3.6066211!16s%2Fg%2F12hk2n_x1?entry=ttu&g_ep=EgoyMDI2MDkwMi4wIKXMDSoASAFQAw%3D%3D",2048,1536
granada,Poetas Andaluces II,poetas-andaluces-ii-05.jpg,plato,plato representativo,google.com,"https://www.google.com/maps/place/Poetas+Andaluces/@37.1730764,-3.6066211,17z/data=!3m1!4b1!4m6!3m5!1s0xd71fc93efe186f5:0xa540d778c4fd3451!8m2!3d37.1730764!4d-3.6066211!16s%2Fg%2F12hk2n_x1?entry=ttu&g_ep=EgoyMDI2MDkwMi4wIKXMDSoASAFQAw%3D%3D",945,2048
granada,Poetas Andaluces II,poetas-andaluces-ii-06.jpg,plato,plato representativo,google.com,"https://www.google.com/maps/place/Poetas+Andaluces/@37.1730764,-3.6066211,17z/data=!3m1!4b1!4m6!3m5!1s0xd71fc93efe186f5:0xa540d778c4fd3451!8m2!3d37.1730764!4d-3.6066211!16s%2Fg%2F12hk2n_x1?entry=ttu&g_ep=EgoyMDI2MDkwMi4wIKXMDSoASAFQAw%3D%3D",2048,1152
granada,Poetas Andaluces II,poetas-andaluces-ii-07.jpg,plato,plato representativo,google.com,"https://www.google.com/maps/place/Poetas+Andaluces/@37.1730764,-3.6066211,17z/data=!3m1!4b1!4m6!3m5!1s0xd71fc93efe186f5:0xa540d778c4fd3451!8m2!3d37.1730764!4d-3.6066211!16s%2Fg%2F12hk2n_x1?entry=ttu&g_ep=EgoyMDI2MDkwMi4wIKXMDSoASAFQAw%3D%3D",2048,996
granada,Poetas Andaluces II,poetas-andaluces-ii-08.jpg,plato,plato representativo,google.com,"https://www.google.com/maps/place/Poetas+Andaluces/@37.1730764,-3.6066211,17z/data=!3m1!4b1!4m6!3m5!1s0xd71fc93efe186f5:0xa540d778c4fd3451!8m2!3d37.1730764!4d-3.6066211!16s%2Fg%2F12hk2n_x1?entry=ttu&g_ep=EgoyMDI2MDkwMi4wIKXMDSoASAFQAw%3D%3D",1532,2048
granada,Poetas Andaluces II,poetas-andaluces-ii-09.jpg,establecimiento,"fachada, terraza o ambiente",google.com,"https://www.google.com/maps/place/Poetas+Andaluces/@37.1730764,-3.6066211,17z/data=!3m1!4b1!4m6!3m5!1s0xd71fc93efe186f5:0xa540d778c4fd3451!8m2!3d37.1730764!4d-3.6066211!16s%2Fg%2F12hk2n_x1?entry=ttu&g_ep=EgoyMDI2MDkwMi4wIKXMDSoASAFQAw%3D%3D",2048,1153
granada,Poetas Andaluces II,poetas-andaluces-ii-10.jpg,establecimiento,"fachada, terraza o ambiente",google.com,"https://www.google.com/maps/place/Poetas+Andaluces/@37.1730764,-3.6066211,17z/data=!3m1!4b1!4m6!3m5!1s0xd71fc93efe186f5:0xa540d778c4fd3451!8m2!3d37.1730764!4d-3.6066211!16s%2Fg%2F12hk2n_x1?entry=ttu&g_ep=EgoyMDI2MDkwMi4wIKXMDSoASAFQAw%3D%3D",1920,1080
granada,Rincon del Poeta,rincon-del-poeta-01.jpg,plato_estrella,tapas carne a la brasa,google.com,"https://www.google.com/maps/place/Restaurante+Rincon+Del+Poeta/@37.173606,-3.607254,17z/data=!3m1!4b1!4m6!3m5!1s0xd71fc93efbe5555:0x6659d99defa41d3!8m2!3d37.173606!4d-3.607254!16s%2Fg%2F11fy1l_cxr?entry=ttu&g_ep=EgoyMDI2MDkwMi4wIKXMDSoASAFQAw%3D%3D",2048,2048
granada,Rincon del Poeta,rincon-del-poeta-02.jpg,plato,plato representativo,google.com,"https://www.google.com/maps/place/Restaurante+Rincon+Del+Poeta/@37.173606,-3.607254,17z/data=!3m1!4b1!4m6!3m5!1s0xd71fc93efbe5555:0x6659d99defa41d3!8m2!3d37.173606!4d-3.607254!16s%2Fg%2F11fy1l_cxr?entry=ttu&g_ep=EgoyMDI2MDkwMi4wIKXMDSoASAFQAw%3D%3D",2048,1449
granada,Rincon del Poeta,rincon-del-poeta-03.jpg,plato,plato representativo,google.com,"https://www.google.com/maps/place/Restaurante+Rincon+Del+Poeta/@37.173606,-3.607254,17z/data=!3m1!4b1!4m6!3m5!1s0xd71fc93efbe5555:0x6659d99defa41d3!8m2!3d37.173606!4d-3.607254!16s%2Fg%2F11fy1l_cxr?entry=ttu&g_ep=EgoyMDI2MDkwMi4wIKXMDSoASAFQAw%3D%3D",2048,1532
granada,Rincon del Poeta,rincon-del-poeta-04.jpg,plato,plato representativo,google.com,"https://www.google.com/maps/place/Restaurante+Rincon+Del+Poeta/@37.173606,-3.607254,17z/data=!3m1!4b1!4m6!3m5!1s0xd71fc93efbe5555:0x6659d99defa41d3!8m2!3d37.173606!4d-3.607254!16s%2Fg%2F11fy1l_cxr?entry=ttu&g_ep=EgoyMDI2MDkwMi4wIKXMDSoASAFQAw%3D%3D",2048,1536
granada,Rincon del Poeta,rincon-del-poeta-05.jpg,plato,plato representativo,google.com,"https://www.google.com/maps/place/Restaurante+Rincon+Del+Poeta/@37.173606,-3.607254,17z/data=!3m1!4b1!4m6!3m5!1s0xd71fc93efbe5555:0x6659d99defa41d3!8m2!3d37.173606!4d-3.607254!16s%2Fg%2F11fy1l_cxr?entry=ttu&g_ep=EgoyMDI2MDkwMi4wIKXMDSoASAFQAw%3D%3D",2048,1536
granada,Rincon del Poeta,rincon-del-poeta-06.jpg,plato,plato representativo,google.com,"https://www.google.com/maps/place/Restaurante+Rincon+Del+Poeta/@37.173606,-3.607254,17z/data=!3m1!4b1!4m6!3m5!1s0xd71fc93efbe5555:0x6659d99defa41d3!8m2!3d37.173606!4d-3.607254!16s%2Fg%2F11fy1l_cxr?entry=ttu&g_ep=EgoyMDI2MDkwMi4wIKXMDSoASAFQAw%3D%3D",2048,2048
granada,Rincon del Poeta,rincon-del-poeta-07.jpg,plato,plato representativo,google.com,"https://www.google.com/maps/place/Restaurante+Rincon+Del+Poeta/@37.173606,-3.607254,17z/data=!3m1!4b1!4m6!3m5!1s0xd71fc93efbe5555:0x6659d99defa41d3!8m2!3d37.173606!4d-3.607254!16s%2Fg%2F11fy1l_cxr?entry=ttu&g_ep=EgoyMDI2MDkwMi4wIKXMDSoASAFQAw%3D%3D",2048,1536
granada,Rincon del Poeta,rincon-del-poeta-08.jpg,plato,plato representativo,google.com,"https://www.google.com/maps/place/Restaurante+Rincon+Del+Poeta/@37.173606,-3.607254,17z/data=!3m1!4b1!4m6!3m5!1s0xd71fc93efbe5555:0x6659d99defa41d3!8m2!3d37.173606!4d-3.607254!16s%2Fg%2F11fy1l_cxr?entry=ttu&g_ep=EgoyMDI2MDkwMi4wIKXMDSoASAFQAw%3D%3D",2048,1744
granada,Rincon del Poeta,rincon-del-poeta-09.jpg,establecimiento,"fachada, terraza o ambiente",google.com,"https://www.google.com/maps/place/Restaurante+Rincon+Del+Poeta/@37.173606,-3.607254,17z/data=!3m1!4b1!4m6!3m5!1s0xd71fc93efbe5555:0x6659d99defa41d3!8m2!3d37.173606!4d-3.607254!16s%2Fg%2F11fy1l_cxr?entry=ttu&g_ep=EgoyMDI2MDkwMi4wIKXMDSoASAFQAw%3D%3D",2048,2048
granada,Rincon del Poeta,rincon-del-poeta-10.jpg,establecimiento,"fachada, terraza o ambiente",google.com,"https://www.google.com/maps/place/Restaurante+Rincon+Del+Poeta/@37.173606,-3.607254,17z/data=!3m1!4b1!4m6!3m5!1s0xd71fc93efbe5555:0x6659d99defa41d3!8m2!3d37.173606!4d-3.607254!16s%2Fg%2F11fy1l_cxr?entry=ttu&g_ep=EgoyMDI2MDkwMi4wIKXMDSoASAFQAw%3D%3D",1600,1200
granada,La Macetilla,la-macetilla-01.jpg,plato_estrella,tapas carne a la brasa,google.com,"https://www.google.com/maps/place/La+Macetilla+-+Taberna+Andaluza+y+Restaurante+en+Granada/@37.173082,-3.607292,17z/data=!3m1!4b1!4m6!3m5!1s0xd71fc93e2e199a9:0x54e207fa61cf26c4!8m2!3d37.173082!4d-3.607292!16s%2Fg%2F11cn2m8r0b?entry=ttu&g_ep=EgoyMDI2MDkwMi4wIKXMDSoASAFQAw%3D%3D",1536,2048
granada,La Macetilla,la-macetilla-02.jpg,plato,plato representativo,google.com,"https://www.google.com/maps/place/La+Macetilla+-+Taberna+Andaluza+y+Restaurante+en+Granada/@37.173082,-3.607292,17z/data=!3m1!4b1!4m6!3m5!1s0xd71fc93e2e199a9:0x54e207fa61cf26c4!8m2!3d37.173082!4d-3.607292!16s%2Fg%2F11cn2m8r0b?entry=ttu&g_ep=EgoyMDI2MDkwMi4wIKXMDSoASAFQAw%3D%3D",1152,2048
granada,La Macetilla,la-macetilla-03.jpg,plato,plato representativo,google.com,"https://www.google.com/maps/place/La+Macetilla+-+Taberna+Andaluza+y+Restaurante+en+Granada/@37.173082,-3.607292,17z/data=!3m1!4b1!4m6!3m5!1s0xd71fc93e2e199a9:0x54e207fa61cf26c4!8m2!3d37.173082!4d-3.607292!16s%2Fg%2F11cn2m8r0b?entry=ttu&g_ep=EgoyMDI2MDkwMi4wIKXMDSoASAFQAw%3D%3D",1536,2048
granada,La Macetilla,la-macetilla-04.jpg,plato,plato representativo,google.com,"https://www.google.com/maps/place/La+Macetilla+-+Taberna+Andaluza+y+Restaurante+en+Granada/@37.173082,-3.607292,17z/data=!3m1!4b1!4m6!3m5!1s0xd71fc93e2e199a9:0x54e207fa61cf26c4!8m2!3d37.173082!4d-3.607292!16s%2Fg%2F11cn2m8r0b?entry=ttu&g_ep=EgoyMDI2MDkwMi4wIKXMDSoASAFQAw%3D%3D",2048,1196
granada,La Macetilla,la-macetilla-05.jpg,plato,plato representativo,google.com,"https://www.google.com/maps/place/La+Macetilla+-+Taberna+Andaluza+y+Restaurante+en+Granada/@37.173082,-3.607292,17z/data=!3m1!4b1!4m6!3m5!1s0xd71fc93e2e199a9:0x54e207fa61cf26c4!8m2!3d37.173082!4d-3.607292!16s%2Fg%2F11cn2m8r0b?entry=ttu&g_ep=EgoyMDI2MDkwMi4wIKXMDSoASAFQAw%3D%3D",2048,1536
granada,La Macetilla,la-macetilla-06.jpg,plato,plato representativo,google.com,"https://www.google.com/maps/place/La+Macetilla+-+Taberna+Andaluza+y+Restaurante+en+Granada/@37.173082,-3.607292,17z/data=!3m1!4b1!4m6!3m5!1s0xd71fc93e2e199a9:0x54e207fa61cf26c4!8m2!3d37.173082!4d-3.607292!16s%2Fg%2F11cn2m8r0b?entry=ttu&g_ep=EgoyMDI2MDkwMi4wIKXMDSoASAFQAw%3D%3D",2048,1147
granada,La Macetilla,la-macetilla-07.jpg,plato,plato representativo,google.com,"https://www.google.com/maps/place/La+Macetilla+-+Taberna+Andaluza+y+Restaurante+en+Granada/@37.173082,-3.607292,17z/data=!3m1!4b1!4m6!3m5!1s0xd71fc93e2e199a9:0x54e207fa61cf26c4!8m2!3d37.173082!4d-3.607292!16s%2Fg%2F11cn2m8r0b?entry=ttu&g_ep=EgoyMDI2MDkwMi4wIKXMDSoASAFQAw%3D%3D",2048,1536
granada,La Macetilla,la-macetilla-08.jpg,plato,plato representativo,google.com,"https://www.google.com/maps/place/La+Macetilla+-+Taberna+Andaluza+y+Restaurante+en+Granada/@37.173082,-3.607292,17z/data=!3m1!4b1!4m6!3m5!1s0xd71fc93e2e199a9:0x54e207fa61cf26c4!8m2!3d37.173082!4d-3.607292!16s%2Fg%2F11cn2m8r0b?entry=ttu&g_ep=EgoyMDI2MDkwMi4wIKXMDSoASAFQAw%3D%3D",1152,2048
granada,La Macetilla,la-macetilla-09.jpg,establecimiento,"fachada, terraza o ambiente",google.com,"https://www.google.com/maps/place/La+Macetilla+-+Taberna+Andaluza+y+Restaurante+en+Granada/@37.173082,-3.607292,17z/data=!3m1!4b1!4m6!3m5!1s0xd71fc93e2e199a9:0x54e207fa61cf26c4!8m2!3d37.173082!4d-3.607292!16s%2Fg%2F11cn2m8r0b?entry=ttu&g_ep=EgoyMDI2MDkwMi4wIKXMDSoASAFQAw%3D%3D",1536,2048
granada,La Macetilla,la-macetilla-10.jpg,establecimiento,"fachada, terraza o ambiente",google.com,"https://www.google.com/maps/place/La+Macetilla+-+Taberna+Andaluza+y+Restaurante+en+Granada/@37.173082,-3.607292,17z/data=!3m1!4b1!4m6!3m5!1s0xd71fc93e2e199a9:0x54e207fa61cf26c4!8m2!3d37.173082!4d-3.607292!16s%2Fg%2F11cn2m8r0b?entry=ttu&g_ep=EgoyMDI2MDkwMi4wIKXMDSoASAFQAw%3D%3D",914,2048
granada,El Delirio Mexicano,el-delirio-mexicano-01.jpg,plato_estrella,tacos nachos,google.com,"https://www.google.com/maps/place/Restaurante+El+Delirio/@37.1708946,-3.6052596,17z/data=!3m1!4b1!4m6!3m5!1s0xd71fc96e7ea7f11:0xa0fa36a77cf46418!8m2!3d37.1708946!4d-3.6052596!16s%2Fg%2F11b70f6hk0?entry=ttu&g_ep=EgoyMDI2MDkwMi4wIKXMDSoASAFQAw%3D%3D",2048,1365
granada,El Delirio Mexicano,el-delirio-mexicano-02.jpg,plato,plato representativo,google.com,"https://www.google.com/maps/place/Restaurante+El+Delirio/@37.1708946,-3.6052596,17z/data=!3m1!4b1!4m6!3m5!1s0xd71fc96e7ea7f11:0xa0fa36a77cf46418!8m2!3d37.1708946!4d-3.6052596!16s%2Fg%2F11b70f6hk0?entry=ttu&g_ep=EgoyMDI2MDkwMi4wIKXMDSoASAFQAw%3D%3D",2048,1536
granada,El Delirio Mexicano,el-delirio-mexicano-03.jpg,plato,plato representativo,google.com,"https://www.google.com/maps/place/Restaurante+El+Delirio/@37.1708946,-3.6052596,17z/data=!3m1!4b1!4m6!3m5!1s0xd71fc96e7ea7f11:0xa0fa36a77cf46418!8m2!3d37.1708946!4d-3.6052596!16s%2Fg%2F11b70f6hk0?entry=ttu&g_ep=EgoyMDI2MDkwMi4wIKXMDSoASAFQAw%3D%3D",1536,2048
granada,El Delirio Mexicano,el-delirio-mexicano-04.jpg,plato,plato representativo,google.com,"https://www.google.com/maps/place/Restaurante+El+Delirio/@37.1708946,-3.6052596,17z/data=!3m1!4b1!4m6!3m5!1s0xd71fc96e7ea7f11:0xa0fa36a77cf46418!8m2!3d37.1708946!4d-3.6052596!16s%2Fg%2F11b70f6hk0?entry=ttu&g_ep=EgoyMDI2MDkwMi4wIKXMDSoASAFQAw%3D%3D",1536,2048
granada,El Delirio Mexicano,el-delirio-mexicano-05.jpg,plato,plato representativo,google.com,"https://www.google.com/maps/place/Restaurante+El+Delirio/@37.1708946,-3.6052596,17z/data=!3m1!4b1!4m6!3m5!1s0xd71fc96e7ea7f11:0xa0fa36a77cf46418!8m2!3d37.1708946!4d-3.6052596!16s%2Fg%2F11b70f6hk0?entry=ttu&g_ep=EgoyMDI2MDkwMi4wIKXMDSoASAFQAw%3D%3D",1536,2048
granada,El Delirio Mexicano,el-delirio-mexicano-06.jpg,plato,plato representativo,google.com,"https://www.google.com/maps/place/Restaurante+El+Delirio/@37.1708946,-3.6052596,17z/data=!3m1!4b1!4m6!3m5!1s0xd71fc96e7ea7f11:0xa0fa36a77cf46418!8m2!3d37.1708946!4d-3.6052596!16s%2Fg%2F11b70f6hk0?entry=ttu&g_ep=EgoyMDI2MDkwMi4wIKXMDSoASAFQAw%3D%3D",1536,2048
granada,El Delirio Mexicano,el-delirio-mexicano-07.jpg,plato,plato representativo,google.com,"https://www.google.com/maps/place/Restaurante+El+Delirio/@37.1708946,-3.6052596,17z/data=!3m1!4b1!4m6!3m5!1s0xd71fc96e7ea7f11:0xa0fa36a77cf46418!8m2!3d37.1708946!4d-3.6052596!16s%2Fg%2F11b70f6hk0?entry=ttu&g_ep=EgoyMDI2MDkwMi4wIKXMDSoASAFQAw%3D%3D",1080,1920
granada,El Delirio Mexicano,el-delirio-mexicano-08.jpg,plato,plato representativo,google.com,"https://www.google.com/maps/place/Restaurante+El+Delirio/@37.1708946,-3.6052596,17z/data=!3m1!4b1!4m6!3m5!1s0xd71fc96e7ea7f11:0xa0fa36a77cf46418!8m2!3d37.1708946!4d-3.6052596!16s%2Fg%2F11b70f6hk0?entry=ttu&g_ep=EgoyMDI2MDkwMi4wIKXMDSoASAFQAw%3D%3D",1536,2048
granada,El Delirio Mexicano,el-delirio-mexicano-09.jpg,establecimiento,"fachada, terraza o ambiente",google.com,"https://www.google.com/maps/place/Restaurante+El+Delirio/@37.1708946,-3.6052596,17z/data=!3m1!4b1!4m6!3m5!1s0xd71fc96e7ea7f11:0xa0fa36a77cf46418!8m2!3d37.1708946!4d-3.6052596!16s%2Fg%2F11b70f6hk0?entry=ttu&g_ep=EgoyMDI2MDkwMi4wIKXMDSoASAFQAw%3D%3D",2048,1365
granada,El Delirio Mexicano,el-delirio-mexicano-10.jpg,establecimiento,"fachada, terraza o ambiente",google.com,"https://www.google.com/maps/place/Restaurante+El+Delirio/@37.1708946,-3.6052596,17z/data=!3m1!4b1!4m6!3m5!1s0xd71fc96e7ea7f11:0xa0fa36a77cf46418!8m2!3d37.1708946!4d-3.6052596!16s%2Fg%2F11b70f6hk0?entry=ttu&g_ep=EgoyMDI2MDkwMi4wIKXMDSoASAFQAw%3D%3D",1536,2048
granada,Los Manueles,los-manueles-01.jpg,plato_estrella,croquetas,google.com,"https://www.google.com/maps/search/Los+Manueles+Granada+Espa%C3%B1a/@37.1773956,-3.6039332,14z/data=!3m1!4b1?entry=ttu&g_ep=EgoyMDI2MDkwMi4wIKXMDSoASAFQAw%3D%3D",2048,1536
granada,Los Manueles,los-manueles-02.jpg,plato,plato representativo,google.com,"https://www.google.com/maps/search/Los+Manueles+Granada+Espa%C3%B1a/@37.1773956,-3.6039332,14z/data=!3m1!4b1?entry=ttu&g_ep=EgoyMDI2MDkwMi4wIKXMDSoASAFQAw%3D%3D",1792,1009
granada,Los Manueles,los-manueles-03.jpg,plato,plato representativo,google.com,"https://www.google.com/maps/search/Los+Manueles+Granada+Espa%C3%B1a/@37.1773956,-3.6039332,14z/data=!3m1!4b1?entry=ttu&g_ep=EgoyMDI2MDkwMi4wIKXMDSoASAFQAw%3D%3D",2048,1536
granada,Los Manueles,los-manueles-04.jpg,plato,plato representativo,google.com,"https://www.google.com/maps/search/Los+Manueles+Granada+Espa%C3%B1a/@37.1773956,-3.6039332,14z/data=!3m1!4b1?entry=ttu&g_ep=EgoyMDI2MDkwMi4wIKXMDSoASAFQAw%3D%3D",2048,1367
granada,Los Manueles,los-manueles-05.jpg,plato,plato representativo,google.com,"https://www.google.com/maps/search/Los+Manueles+Granada+Espa%C3%B1a/@37.1773956,-3.6039332,14z/data=!3m1!4b1?entry=ttu&g_ep=EgoyMDI2MDkwMi4wIKXMDSoASAFQAw%3D%3D",1242,700
granada,Los Manueles,los-manueles-06.jpg,plato,plato representativo,google.com,"https://www.google.com/maps/search/Los+Manueles+Granada+Espa%C3%B1a/@37.1773956,-3.6039332,14z/data=!3m1!4b1?entry=ttu&g_ep=EgoyMDI2MDkwMi4wIKXMDSoASAFQAw%3D%3D",1792,1009
granada,Mercado de San Agustin,mercado-de-san-agustin-01.jpg,plato_estrella,marisco tapas gastronomia,google.com,"https://www.google.com/maps/place/Mercado+de+San+Agust%C3%ADn/@37.1776752,-3.5993884,17z/data=!3m1!4b1!4m6!3m5!1s0xd71fd741beab639:0x216a1a3e64dc3f8d!8m2!3d37.1776752!4d-3.5993884!16s%2Fg%2F11qn7jgfj4?entry=ttu&g_ep=EgoyMDI2MDkwMi4wIKXMDSoASAFQAw%3D%3D",2048,1320
granada,Mercado de San Agustin,mercado-de-san-agustin-02.jpg,plato,plato representativo,google.com,"https://www.google.com/maps/place/Mercado+de+San+Agust%C3%ADn/@37.1776752,-3.5993884,17z/data=!3m1!4b1!4m6!3m5!1s0xd71fd741beab639:0x216a1a3e64dc3f8d!8m2!3d37.1776752!4d-3.5993884!16s%2Fg%2F11qn7jgfj4?entry=ttu&g_ep=EgoyMDI2MDkwMi4wIKXMDSoASAFQAw%3D%3D",1080,1920
granada,Mercado de San Agustin,mercado-de-san-agustin-03.jpg,plato,plato representativo,google.com,"https://www.google.com/maps/place/Mercado+de+San+Agust%C3%ADn/@37.1776752,-3.5993884,17z/data=!3m1!4b1!4m6!3m5!1s0xd71fd741beab639:0x216a1a3e64dc3f8d!8m2!3d37.1776752!4d-3.5993884!16s%2Fg%2F11qn7jgfj4?entry=ttu&g_ep=EgoyMDI2MDkwMi4wIKXMDSoASAFQAw%3D%3D",2048,1542
granada,Mercado de San Agustin,mercado-de-san-agustin-04.jpg,plato,plato representativo,google.com,"https://www.google.com/maps/place/Mercado+de+San+Agust%C3%ADn/@37.1776752,-3.5993884,17z/data=!3m1!4b1!4m6!3m5!1s0xd71fd741beab639:0x216a1a3e64dc3f8d!8m2!3d37.1776752!4d-3.5993884!16s%2Fg%2F11qn7jgfj4?entry=ttu&g_ep=EgoyMDI2MDkwMi4wIKXMDSoASAFQAw%3D%3D",2048,1536
granada,Mercado de San Agustin,mercado-de-san-agustin-05.jpg,plato,plato representativo,google.com,"https://www.google.com/maps/place/Mercado+de+San+Agust%C3%ADn/@37.1776752,-3.5993884,17z/data=!3m1!4b1!4m6!3m5!1s0xd71fd741beab639:0x216a1a3e64dc3f8d!8m2!3d37.1776752!4d-3.5993884!16s%2Fg%2F11qn7jgfj4?entry=ttu&g_ep=EgoyMDI2MDkwMi4wIKXMDSoASAFQAw%3D%3D",2048,1536
granada,Mercado de San Agustin,mercado-de-san-agustin-06.jpg,plato,plato representativo,google.com,"https://www.google.com/maps/place/Mercado+de+San+Agust%C3%ADn/@37.1776752,-3.5993884,17z/data=!3m1!4b1!4m6!3m5!1s0xd71fd741beab639:0x216a1a3e64dc3f8d!8m2!3d37.1776752!4d-3.5993884!16s%2Fg%2F11qn7jgfj4?entry=ttu&g_ep=EgoyMDI2MDkwMi4wIKXMDSoASAFQAw%3D%3D",2048,1536
granada,Mercado de San Agustin,mercado-de-san-agustin-07.jpg,plato,plato representativo,google.com,"https://www.google.com/maps/place/Mercado+de+San+Agust%C3%ADn/@37.1776752,-3.5993884,17z/data=!3m1!4b1!4m6!3m5!1s0xd71fd741beab639:0x216a1a3e64dc3f8d!8m2!3d37.1776752!4d-3.5993884!16s%2Fg%2F11qn7jgfj4?entry=ttu&g_ep=EgoyMDI2MDkwMi4wIKXMDSoASAFQAw%3D%3D",2048,1436
granada,Mercado de San Agustin,mercado-de-san-agustin-08.jpg,plato,plato representativo,google.com,"https://www.google.com/maps/place/Mercado+de+San+Agust%C3%ADn/@37.1776752,-3.5993884,17z/data=!3m1!4b1!4m6!3m5!1s0xd71fd741beab639:0x216a1a3e64dc3f8d!8m2!3d37.1776752!4d-3.5993884!16s%2Fg%2F11qn7jgfj4?entry=ttu&g_ep=EgoyMDI2MDkwMi4wIKXMDSoASAFQAw%3D%3D",1080,1920
granada,Mercado de San Agustin,mercado-de-san-agustin-09.jpg,establecimiento,"fachada, terraza o ambiente",google.com,"https://www.google.com/maps/place/Mercado+de+San+Agust%C3%ADn/@37.1776752,-3.5993884,17z/data=!3m1!4b1!4m6!3m5!1s0xd71fd741beab639:0x216a1a3e64dc3f8d!8m2!3d37.1776752!4d-3.5993884!16s%2Fg%2F11qn7jgfj4?entry=ttu&g_ep=EgoyMDI2MDkwMi4wIKXMDSoASAFQAw%3D%3D",1080,1920
granada,Mercado de San Agustin,mercado-de-san-agustin-10.jpg,establecimiento,"fachada, terraza o ambiente",google.com,"https://www.google.com/maps/place/Mercado+de+San+Agust%C3%ADn/@37.1776752,-3.5993884,17z/data=!3m1!4b1!4m6!3m5!1s0xd71fd741beab639:0x216a1a3e64dc3f8d!8m2!3d37.1776752!4d-3.5993884!16s%2Fg%2F11qn7jgfj4?entry=ttu&g_ep=EgoyMDI2MDkwMi4wIKXMDSoASAFQAw%3D%3D",2048,1536
granada,Casa Rafa,casa-rafa-01.jpg,plato_estrella,pescado marisco,google.com,"https://www.google.com/maps/place/Casa+Rafa+Granada/@37.1689279,-3.6025063,17z/data=!3m1!4b1!4m6!3m5!1s0xd71fd5a1dee6b87:0x566c4e350e358759!8m2!3d37.1689279!4d-3.6025063!16s%2Fg%2F11pfz602x3?entry=ttu&g_ep=EgoyMDI2MDkwMi4wIKXMDSoASAFQAw%3D%3D",1080,1350
granada,Casa Rafa,casa-rafa-02.jpg,plato,plato representativo,google.com,"https://www.google.com/maps/place/Casa+Rafa+Granada/@37.1689279,-3.6025063,17z/data=!3m1!4b1!4m6!3m5!1s0xd71fd5a1dee6b87:0x566c4e350e358759!8m2!3d37.1689279!4d-3.6025063!16s%2Fg%2F11pfz602x3?entry=ttu&g_ep=EgoyMDI2MDkwMi4wIKXMDSoASAFQAw%3D%3D",1080,1920
granada,Casa Rafa,casa-rafa-03.jpg,plato,plato representativo,google.com,"https://www.google.com/maps/place/Casa+Rafa+Granada/@37.1689279,-3.6025063,17z/data=!3m1!4b1!4m6!3m5!1s0xd71fd5a1dee6b87:0x566c4e350e358759!8m2!3d37.1689279!4d-3.6025063!16s%2Fg%2F11pfz602x3?entry=ttu&g_ep=EgoyMDI2MDkwMi4wIKXMDSoASAFQAw%3D%3D",2048,1536
granada,Casa Rafa,casa-rafa-04.jpg,plato,plato representativo,google.com,"https://www.google.com/maps/place/Casa+Rafa+Granada/@37.1689279,-3.6025063,17z/data=!3m1!4b1!4m6!3m5!1s0xd71fd5a1dee6b87:0x566c4e350e358759!8m2!3d37.1689279!4d-3.6025063!16s%2Fg%2F11pfz602x3?entry=ttu&g_ep=EgoyMDI2MDkwMi4wIKXMDSoASAFQAw%3D%3D",1080,1440
granada,Casa Rafa,casa-rafa-05.jpg,plato,plato representativo,google.com,"https://www.google.com/maps/place/Casa+Rafa+Granada/@37.1689279,-3.6025063,17z/data=!3m1!4b1!4m6!3m5!1s0xd71fd5a1dee6b87:0x566c4e350e358759!8m2!3d37.1689279!4d-3.6025063!16s%2Fg%2F11pfz602x3?entry=ttu&g_ep=EgoyMDI2MDkwMi4wIKXMDSoASAFQAw%3D%3D",1538,2048
granada,Casa Rafa,casa-rafa-06.jpg,plato,plato representativo,google.com,"https://www.google.com/maps/place/Casa+Rafa+Granada/@37.1689279,-3.6025063,17z/data=!3m1!4b1!4m6!3m5!1s0xd71fd5a1dee6b87:0x566c4e350e358759!8m2!3d37.1689279!4d-3.6025063!16s%2Fg%2F11pfz602x3?entry=ttu&g_ep=EgoyMDI2MDkwMi4wIKXMDSoASAFQAw%3D%3D",1079,1133
granada,Casa Rafa,casa-rafa-07.jpg,plato,plato representativo,google.com,"https://www.google.com/maps/place/Casa+Rafa+Granada/@37.1689279,-3.6025063,17z/data=!3m1!4b1!4m6!3m5!1s0xd71fd5a1dee6b87:0x566c4e350e358759!8m2!3d37.1689279!4d-3.6025063!16s%2Fg%2F11pfz602x3?entry=ttu&g_ep=EgoyMDI2MDkwMi4wIKXMDSoASAFQAw%3D%3D",1080,1350
granada,Casa Rafa,casa-rafa-08.jpg,plato,plato representativo,google.com,"https://www.google.com/maps/place/Casa+Rafa+Granada/@37.1689279,-3.6025063,17z/data=!3m1!4b1!4m6!3m5!1s0xd71fd5a1dee6b87:0x566c4e350e358759!8m2!3d37.1689279!4d-3.6025063!16s%2Fg%2F11pfz602x3?entry=ttu&g_ep=EgoyMDI2MDkwMi4wIKXMDSoASAFQAw%3D%3D",1080,1920
granada,Casa Rafa,casa-rafa-09.jpg,establecimiento,"fachada, terraza o ambiente",google.com,"https://www.google.com/maps/place/Casa+Rafa+Granada/@37.1689279,-3.6025063,17z/data=!3m1!4b1!4m6!3m5!1s0xd71fd5a1dee6b87:0x566c4e350e358759!8m2!3d37.1689279!4d-3.6025063!16s%2Fg%2F11pfz602x3?entry=ttu&g_ep=EgoyMDI2MDkwMi4wIKXMDSoASAFQAw%3D%3D",1365,2048
granada,Casa Rafa,casa-rafa-10.jpg,establecimiento,"fachada, terraza o ambiente",google.com,"https://www.google.com/maps/place/Casa+Rafa+Granada/@37.1689279,-3.6025063,17z/data=!3m1!4b1!4m6!3m5!1s0xd71fd5a1dee6b87:0x566c4e350e358759!8m2!3d37.1689279!4d-3.6025063!16s%2Fg%2F11pfz602x3?entry=ttu&g_ep=EgoyMDI2MDkwMi4wIKXMDSoASAFQAw%3D%3D",1080,1920
